-- phpMyAdmin SQL Dump
-- version 4.9.1
-- https://www.phpmyadmin.net/
--
-- Host: localhost
-- Generation Time: Jan 28, 2021 at 02:52 PM
-- Server version: 10.4.8-MariaDB
-- PHP Version: 7.3.10

SET SQL_MODE = "NO_AUTO_VALUE_ON_ZERO";
SET AUTOCOMMIT = 0;
START TRANSACTION;
SET time_zone = "+00:00";


/*!40101 SET @OLD_CHARACTER_SET_CLIENT=@@CHARACTER_SET_CLIENT */;
/*!40101 SET @OLD_CHARACTER_SET_RESULTS=@@CHARACTER_SET_RESULTS */;
/*!40101 SET @OLD_COLLATION_CONNECTION=@@COLLATION_CONNECTION */;
/*!40101 SET NAMES utf8mb4 */;

--
-- Database: `gohala_db`
--

-- --------------------------------------------------------

--
-- Table structure for table `api_product_name_tb`
--

CREATE TABLE `api_product_name_tb` (
  `id` int(10) UNSIGNED NOT NULL,
  `name` varchar(100) COLLATE utf8mb4_unicode_ci NOT NULL,
  `status` tinyint(4) NOT NULL DEFAULT 1
) ENGINE=InnoDB DEFAULT CHARSET=utf8mb4 COLLATE=utf8mb4_unicode_ci;

--
-- Dumping data for table `api_product_name_tb`
--

INSERT INTO `api_product_name_tb` (`id`, `name`, `status`) VALUES
(1, 'Facebook', 1),
(2, 'Lazada', 1),
(3, 'Shopee', 1);

-- --------------------------------------------------------

--
-- Table structure for table `api_product_price_tb`
--

CREATE TABLE `api_product_price_tb` (
  `id` int(10) UNSIGNED NOT NULL,
  `product_id` int(11) NOT NULL,
  `name` varchar(100) COLLATE utf8mb4_unicode_ci NOT NULL,
  `price` decimal(10,2) NOT NULL DEFAULT 0.00,
  `is_discount` tinyint(4) NOT NULL DEFAULT 0 COMMENT '0= no discount,1=discount amount,2=discount percent	',
  `discount_value` decimal(10,2) NOT NULL DEFAULT 0.00,
  `status` tinyint(4) NOT NULL DEFAULT 0,
  `created_at` timestamp NULL DEFAULT NULL,
  `updated_at` timestamp NULL DEFAULT NULL
) ENGINE=InnoDB DEFAULT CHARSET=utf8mb4 COLLATE=utf8mb4_unicode_ci;

--
-- Dumping data for table `api_product_price_tb`
--

INSERT INTO `api_product_price_tb` (`id`, `product_id`, `name`, `price`, `is_discount`, `discount_value`, `status`, `created_at`, `updated_at`) VALUES
(1, 4, 'Facebook', '200.00', 1, '10.00', 0, '2021-01-28 13:43:59', '2021-01-28 13:43:59'),
(2, 4, 'Lazada', '0.00', 0, '0.00', 0, '2021-01-28 13:43:59', '2021-01-28 13:43:59'),
(3, 4, 'Shopee', '10000.00', 2, '50.00', 0, '2021-01-28 13:43:59', '2021-01-28 13:46:33');

-- --------------------------------------------------------

--
-- Table structure for table `category_tb`
--

CREATE TABLE `category_tb` (
  `id` int(10) UNSIGNED NOT NULL,
  `name` varchar(255) COLLATE utf8mb4_unicode_ci NOT NULL,
  `slug` varchar(255) COLLATE utf8mb4_unicode_ci NOT NULL,
  `parent_id` int(11) DEFAULT NULL
) ENGINE=InnoDB DEFAULT CHARSET=utf8mb4 COLLATE=utf8mb4_unicode_ci;

--
-- Dumping data for table `category_tb`
--

INSERT INTO `category_tb` (`id`, `name`, `slug`, `parent_id`) VALUES
(1, 'หมวดหมู่หลัก', 'หมวดหมู่หลัก', NULL);

-- --------------------------------------------------------

--
-- Table structure for table `migrations`
--

CREATE TABLE `migrations` (
  `id` int(10) UNSIGNED NOT NULL,
  `migration` varchar(255) COLLATE utf8mb4_unicode_ci NOT NULL,
  `batch` int(11) NOT NULL
) ENGINE=InnoDB DEFAULT CHARSET=utf8mb4 COLLATE=utf8mb4_unicode_ci;

--
-- Dumping data for table `migrations`
--

INSERT INTO `migrations` (`id`, `migration`, `batch`) VALUES
(1, '2014_10_12_000000_create_users_table', 1),
(2, '2014_10_12_100000_create_password_resets_table', 1),
(3, '2020_02_03_113324_manage_section_db', 1),
(4, '2020_06_03_163219_product_category_tb', 1),
(5, '2020_07_27_152159_edit_order_add_cancel', 2),
(7, '2020_09_09_171300_edit_product_add_sort', 3),
(8, '2020_09_10_142100_edit_shop_cate_add_sort', 4),
(10, '2020_09_21_130000_create_order_tranfer_tb', 5),
(11, '2020_10_05_122000_edit_product_photo_tb_add_sort', 6),
(16, '2020_10_21_113057_create_notification_tb', 7),
(17, '2020_10_29_122200_add_receiptnote_shop_tb', 8),
(23, '2021_01_28_144539_create_api_price_tb', 9),
(24, '2021_01_28_164552_create_api_product_name_tb', 9);

-- --------------------------------------------------------

--
-- Table structure for table `notification_tb`
--

CREATE TABLE `notification_tb` (
  `id` int(10) UNSIGNED NOT NULL,
  `user_id` int(11) DEFAULT NULL,
  `shop_id` int(11) NOT NULL,
  `order_id` varchar(20) COLLATE utf8mb4_unicode_ci DEFAULT NULL,
  `event_id` mediumint(9) NOT NULL,
  `info` text COLLATE utf8mb4_unicode_ci NOT NULL,
  `is_read` tinyint(4) NOT NULL DEFAULT 0,
  `is_read_global` tinyint(4) NOT NULL DEFAULT 0,
  `user_info` text COLLATE utf8mb4_unicode_ci NOT NULL,
  `user_is_read` tinyint(4) NOT NULL DEFAULT 0,
  `user_is_read_global` tinyint(4) NOT NULL DEFAULT 0,
  `created_at` timestamp NULL DEFAULT NULL,
  `updated_at` timestamp NULL DEFAULT NULL
) ENGINE=InnoDB DEFAULT CHARSET=utf8mb4 COLLATE=utf8mb4_unicode_ci;

--
-- Dumping data for table `notification_tb`
--

INSERT INTO `notification_tb` (`id`, `user_id`, `shop_id`, `order_id`, `event_id`, `info`, `is_read`, `is_read_global`, `user_info`, `user_is_read`, `user_is_read_global`, `created_at`, `updated_at`) VALUES
(1, 1, 1, '1712882507', 1, 'ออเดอร์หมายเลข 1712882507 จากคุณ Metha Sume ติดต่อ: 0990432045', 1, 1, '', 1, 1, '2020-10-22 11:48:29', '2021-01-21 08:25:30'),
(2, 1, 1, '270064278', 2, 'ชำระบิลเลขที่ 270064278 ธนาคาร: กสิกรไทย หมายเลขบัญชี: 0501277004 โดย ผู้ดูแลระบบ', 1, 1, '', 0, 1, '2020-10-22 12:29:05', '2021-01-21 08:25:30'),
(3, 1, 1, '1440201571', 2, 'ชำระบิลเลขที่ 1440201571 ธนาคาร: ไทยพาณิชย์ หมายเลขบัญชี: 0653306767 โดย ผู้ดูแลระบบ', 1, 1, '', 0, 1, '2020-10-22 12:43:06', '2021-01-21 08:25:30'),
(4, 1, 1, '1122117498', 1, 'ออเดอร์หมายเลข 1122117498 จากคุณ Metha Sume ติดต่อ: 0990432045', 0, 1, '', 0, 1, '2020-10-22 12:54:05', '2021-01-21 08:25:30'),
(5, 1, 1, '3372616468', 1, 'ออเดอร์หมายเลข 3372616468 จากคุณ Metha Sume ติดต่อ: 0990432045', 0, 1, '', 0, 1, '2020-10-22 12:58:32', '2021-01-21 08:25:30'),
(6, 1, 1, '883374489', 1, 'ออเดอร์หมายเลข 883374489 จากคุณ Metha Sume ติดต่อ: 0990432045', 0, 1, '', 0, 1, '2020-10-22 13:19:22', '2021-01-21 08:25:30'),
(7, 1, 2, '1751324206', 1, 'ออเดอร์หมายเลข 1751324206 จากคุณ Metha Sume ติดต่อ: 0990432045', 0, 1, '', 0, 1, '2020-10-22 13:19:43', '2021-01-21 08:25:30'),
(9, NULL, 1, '3495107467', 1, 'ออเดอร์หมายเลข 3495107467 จากคุณ an ติดต่อ: 0653306767', 0, 1, '', 0, 0, '2020-10-27 05:31:13', '2020-11-15 16:09:57'),
(10, NULL, 1, '2824260215', 1, 'ออเดอร์หมายเลข 2824260215 จากคุณ a ติดต่อ: 0653007878', 1, 1, '', 0, 0, '2020-10-27 05:38:35', '2020-11-15 16:09:57'),
(11, NULL, 1, '2317780929', 1, 'ออเดอร์หมายเลข 2317780929 จากคุณ a ติดต่อ: a', 1, 1, '', 0, 0, '2020-10-27 05:42:59', '2020-11-15 16:09:57'),
(12, 1, 1, '2475801650', 1, 'ออเดอร์หมายเลข 2475801650 จากคุณ Metha Sume ติดต่อ: 099-043-2045', 1, 1, '', 0, 1, '2020-10-27 06:02:04', '2021-01-21 08:25:30'),
(13, 1, 1, '1241958973', 1, 'ออเดอร์หมายเลข 1241958973 จากคุณ Metha Sume ติดต่อ: 0890430567', 1, 1, '', 0, 1, '2020-10-27 06:05:13', '2021-01-21 08:25:30'),
(14, 1, 1, '3196451177', 1, 'ออเดอร์หมายเลข 3196451177 จากคุณ Metha Sume ติดต่อ: 0990432045', 1, 1, '', 0, 1, '2020-10-27 08:05:46', '2021-01-21 08:25:30'),
(15, 1, 2, '330070814', 1, 'ออเดอร์หมายเลข 330070814 จากคุณ Metha Sume ติดต่อ: 0990432045', 1, 1, '', 0, 1, '2020-10-28 10:47:10', '2021-01-21 08:25:30'),
(16, 1, 2, '47640230', 1, 'ออเดอร์หมายเลข 47640230 จากคุณ Metha Sume ติดต่อ: 0990432045', 0, 1, '', 0, 1, '2020-10-28 12:25:32', '2021-01-21 08:25:30'),
(17, 1, 2, '2987105467', 1, 'ออเดอร์หมายเลข 2987105467 จากคุณ Metha Sume ติดต่อ: 0990432045', 0, 1, '', 0, 1, '2020-10-28 12:29:07', '2021-01-21 08:25:30'),
(18, 1, 2, '3080388050', 1, 'ออเดอร์หมายเลข 3080388050 จากคุณ Metha Sume ติดต่อ: 0990432045', 0, 1, '', 0, 1, '2020-10-28 12:29:58', '2021-01-21 08:25:30'),
(19, 1, 2, '1165307627', 1, 'ออเดอร์หมายเลข 1165307627 จากคุณ Metha Sume ติดต่อ: 0990432045', 1, 1, '', 0, 1, '2020-10-28 12:42:32', '2021-01-21 08:25:30'),
(20, 1, 2, '2306472337', 1, 'ออเดอร์หมายเลข 2306472337 จากคุณ Metha Sume ติดต่อ: 0990432045', 0, 1, '', 0, 1, '2020-10-28 12:46:55', '2021-01-21 08:25:30'),
(21, 1, 2, '2461084568', 1, 'ออเดอร์หมายเลข 2461084568 จากคุณ Metha Sume ติดต่อ: 0990432045', 1, 1, '', 0, 1, '2020-10-28 12:58:35', '2021-01-21 08:25:30'),
(22, 1, 1, '2795839570', 1, 'ออเดอร์หมายเลข 2795839570 จากคุณ Metha Sume ติดต่อ: 0990432045', 0, 1, '', 0, 1, '2020-10-28 12:59:17', '2021-01-21 08:25:30'),
(23, 1, 1, '1762650166', 1, 'ออเดอร์หมายเลข 1762650166 จากคุณ Metha Sume ติดต่อ: 0990432045', 0, 1, '', 0, 1, '2020-10-28 13:00:31', '2021-01-21 08:25:30'),
(24, 1, 1, '2608597922', 1, 'ออเดอร์หมายเลข 2608597922 จากคุณ Metha Sume ติดต่อ: 0990432045', 0, 1, '', 0, 1, '2020-10-28 13:02:47', '2021-01-21 08:25:30'),
(25, 1, 1, '827915848', 1, 'ออเดอร์หมายเลข 827915848 จากคุณ Metha Sume ติดต่อ: 0990432045', 0, 1, '', 0, 1, '2020-10-28 13:06:29', '2021-01-21 08:25:30'),
(26, 1, 1, '751576516', 1, 'ออเดอร์หมายเลข 751576516 จากคุณ Metha Sume ติดต่อ: 0990432045', 0, 1, '', 0, 1, '2020-10-28 13:08:10', '2021-01-21 08:25:30'),
(30, 1, 1, '3121666028', 1, 'ออเดอร์หมายเลข 3121666028 จากคุณ Metha Sume ติดต่อ: 0990432045', 0, 1, '', 0, 1, '2020-10-28 13:11:47', '2021-01-21 08:25:30'),
(32, 1, 1, '4250274499', 1, 'ออเดอร์หมายเลข 4250274499 จากคุณ Metha Sume ติดต่อ: 0990432045', 0, 1, '', 0, 1, '2020-10-28 13:12:49', '2021-01-21 08:25:30'),
(33, 1, 1, '313489865', 1, 'ออเดอร์หมายเลข 313489865 จากคุณ Metha Sume ติดต่อ: 0990432045', 0, 1, '', 0, 1, '2020-10-28 13:13:28', '2021-01-21 08:25:30'),
(34, 1, 1, '2053409470', 1, 'ออเดอร์หมายเลข 2053409470 จากคุณ Metha Sume ติดต่อ: 0990432045', 0, 1, '', 0, 1, '2020-10-28 13:13:53', '2021-01-21 08:25:30'),
(35, 1, 1, '2367868770', 1, 'ออเดอร์หมายเลข 2367868770 จากคุณ Metha Sume ติดต่อ: 0990432045', 0, 1, '', 0, 1, '2020-10-28 13:14:05', '2021-01-21 08:25:30'),
(36, 1, 1, '1341894489', 1, 'ออเดอร์หมายเลข 1341894489 จากคุณ Metha Sume ติดต่อ: 0990432045', 0, 1, '', 0, 1, '2020-10-28 13:16:23', '2021-01-21 08:25:30'),
(37, 1, 1, '1271600832', 1, 'ออเดอร์หมายเลข 1271600832 จากคุณ Metha Sume ติดต่อ: 0990432045', 0, 1, '', 0, 1, '2020-10-28 13:16:42', '2021-01-21 08:25:30'),
(38, 1, 1, '2742986671', 1, 'ออเดอร์หมายเลข 2742986671 จากคุณ Metha Sume ติดต่อ: 0990432045', 0, 1, '', 0, 1, '2020-10-28 13:22:30', '2021-01-21 08:25:30'),
(39, 1, 1, '139640126', 1, 'ออเดอร์หมายเลข 139640126 จากคุณ Metha Sume ติดต่อ: 0990432045', 0, 1, '', 0, 1, '2020-10-28 13:22:51', '2021-01-21 08:25:30'),
(40, 1, 1, '3542404373', 1, 'ออเดอร์หมายเลข 3542404373 จากคุณ Metha Sume ติดต่อ: 0990432045', 0, 1, '', 0, 1, '2020-10-28 13:23:08', '2021-01-21 08:25:30'),
(41, 1, 1, '2665174213', 1, 'ออเดอร์หมายเลข 2665174213 จากคุณ Metha Sume ติดต่อ: 0990432045', 0, 1, '', 0, 1, '2020-10-28 13:23:30', '2021-01-21 08:25:30'),
(42, 1, 1, '266239981', 1, 'ออเดอร์หมายเลข 266239981 จากคุณ Metha Sume ติดต่อ: 0990432045', 0, 1, '', 0, 1, '2020-10-28 13:23:44', '2021-01-21 08:25:30'),
(43, 1, 1, '2976403997', 1, 'ออเดอร์หมายเลข 2976403997 จากคุณ Metha Sume ติดต่อ: 0990432045', 0, 1, '', 0, 1, '2020-10-28 13:23:57', '2021-01-21 08:25:30'),
(44, 1, 1, '720063724', 1, 'ออเดอร์หมายเลข 720063724 จากคุณ Metha Sume ติดต่อ: 0990432045', 0, 1, '', 0, 1, '2020-10-28 13:24:38', '2021-01-21 08:25:30'),
(45, 1, 1, '804034770', 1, 'ออเดอร์หมายเลข 804034770 จากคุณ Metha Sume ติดต่อ: 0990432045', 0, 1, '', 0, 1, '2020-10-28 13:24:53', '2021-01-21 08:25:30'),
(46, 1, 1, '2477360509', 1, 'ออเดอร์หมายเลข 2477360509 จากคุณ Metha Sume ติดต่อ: 0990432045', 0, 1, '', 1, 1, '2020-10-28 13:25:09', '2021-01-21 08:25:30'),
(47, NULL, 1, '4063089353', 1, 'ออเดอร์หมายเลข 4063089353 จากคุณ a ติดต่อ: 1231231231', 0, 1, '', 0, 0, '2020-10-28 13:25:59', '2020-11-15 16:09:57'),
(48, 1, 1, '2202359568', 1, 'ออเดอร์หมายเลข 2202359568 จากคุณ Metha Sume ติดต่อ: 0990432045', 0, 1, '', 0, 1, '2020-10-28 13:29:37', '2021-01-21 08:25:30'),
(49, 1, 1, '1035135407', 1, 'ออเดอร์หมายเลข 1035135407 จากคุณ Metha Sume ติดต่อ: 0990432045', 0, 1, '', 1, 1, '2020-10-28 13:29:48', '2021-01-21 08:25:30'),
(50, 1, 1, '3320358994', 1, 'ออเดอร์หมายเลข 3320358994 จากคุณ Metha Sume ติดต่อ: 0990432045', 0, 1, '', 1, 1, '2020-10-28 13:30:53', '2021-01-21 08:25:30'),
(51, 1, 1, '1248244866', 1, 'ออเดอร์หมายเลข 1248244866 จากคุณ Metha Sume ติดต่อ: 0990432045', 0, 1, '', 1, 1, '2020-10-28 13:34:09', '2021-01-21 08:25:30'),
(52, 1, 1, '2817948061', 1, 'ออเดอร์หมายเลข 2817948061 จากคุณ Metha Sume ติดต่อ: 0990432045', 0, 1, '', 0, 1, '2020-10-28 13:34:25', '2021-01-21 08:25:30'),
(53, 2, 1, '487933482', 1, 'ออเดอร์หมายเลข 487933482 จากคุณ a ติดต่อ: 1111111111', 0, 1, '', 0, 0, '2020-10-28 14:10:52', '2020-11-15 16:09:57'),
(54, 1, 1, '2452582541', 1, 'ออเดอร์หมายเลข 2452582541 จากคุณ Metha Sume ติดต่อ: 0990432045', 1, 1, '', 1, 1, '2020-10-29 05:01:53', '2021-01-21 08:25:30'),
(55, 1, 1, '207829601', 1, 'ออเดอร์หมายเลข 207829601 จากคุณ Metha Sume ติดต่อ: 0990432045', 1, 1, '', 1, 1, '2020-10-29 07:45:45', '2021-01-21 08:25:30'),
(56, 1, 1, '207829601', 2, 'ชำระบิลเลขที่ 207829601 ธนาคาร: ไทยพาณิชย์ หมายเลขบัญชี: 0653306767 โดย ผู้ดูแลระบบ', 1, 1, '', 1, 1, '2020-10-29 07:49:14', '2021-01-21 08:25:30'),
(57, 1, 1, '2160503492', 1, 'ออเดอร์หมายเลข 2160503492 จากคุณ Metha Sume ติดต่อ: 0990432045', 0, 1, '', 0, 1, '2020-10-29 09:46:48', '2021-01-21 08:25:30'),
(58, 1, 1, '3251075082', 1, 'ออเดอร์หมายเลข 3251075082 จากคุณ Metha Sume ติดต่อ: 0990432045', 0, 1, '', 0, 1, '2020-10-29 09:47:57', '2021-01-21 08:25:30'),
(59, 1, 1, '1283960064', 1, 'ออเดอร์หมายเลข 1283960064 จากคุณ Metha Sume ติดต่อ: 0990432045', 0, 1, '', 0, 1, '2020-10-29 10:12:29', '2021-01-21 08:25:30'),
(60, 1, 1, '1926827395', 1, 'ออเดอร์หมายเลข 1926827395 จากคุณ Metha Sume ติดต่อ: 0990432045', 0, 1, '', 1, 1, '2020-10-29 10:16:48', '2021-01-21 08:25:30'),
(61, 1, 1, '4220435120', 1, 'ออเดอร์หมายเลข 4220435120 จากคุณ Metha Sume ติดต่อ: 0990432045', 0, 1, '', 1, 1, '2020-10-29 10:21:22', '2021-01-21 08:25:30'),
(62, 1, 1, '4220435120', 2, 'ชำระบิลเลขที่ 4220435120 ธนาคาร: ไทยพาณิชย์ หมายเลขบัญชี: 0653306767 โดย ผู้ดูแลระบบ', 0, 1, '', 1, 1, '2020-10-29 10:35:46', '2021-01-21 08:25:30'),
(63, 1, 1, '1283960064', 2, 'ชำระบิลเลขที่ 1283960064 ธนาคาร: ไทยพาณิชย์ หมายเลขบัญชี: 0653306767 โดย ผู้ดูแลระบบ', 0, 1, '', 0, 1, '2020-10-29 10:37:15', '2021-01-21 08:25:30'),
(64, 1, 1, '3251075082', 2, 'ชำระบิลเลขที่ 3251075082 ธนาคาร: ไทยพาณิชย์ หมายเลขบัญชี: 0653306767 โดย ผู้ดูแลระบบ', 0, 1, '', 0, 1, '2020-10-29 10:39:03', '2021-01-21 08:25:30'),
(65, 1, 1, '2160503492', 2, 'ชำระบิลเลขที่ 2160503492 ธนาคาร: ไทยพาณิชย์ หมายเลขบัญชี: 0653306767 โดย ผู้ดูแลระบบ', 0, 1, '', 0, 1, '2020-10-29 10:40:17', '2021-01-21 08:25:30'),
(66, 1, 1, '2452582541', 2, 'ชำระบิลเลขที่ 2452582541 ธนาคาร: ไทยพาณิชย์ หมายเลขบัญชี: 0653306767 โดย ผู้ดูแลระบบ', 0, 1, '', 0, 1, '2020-10-29 10:41:56', '2021-01-21 08:25:30'),
(67, 1, 1, '1271600832', 2, 'ชำระบิลเลขที่ 1271600832 ธนาคาร: ไทยพาณิชย์ หมายเลขบัญชี: 0653306767 โดย ผู้ดูแลระบบ', 0, 1, '', 0, 1, '2020-10-29 10:47:57', '2021-01-21 08:25:30'),
(68, 1, 1, '313489865', 2, 'ชำระบิลเลขที่ 313489865 ธนาคาร: ไทยพาณิชย์ หมายเลขบัญชี: 0653306767 โดย ผู้ดูแลระบบ', 0, 1, '', 0, 1, '2020-10-29 10:48:35', '2021-01-21 08:25:30'),
(69, 1, 1, '4250274499', 2, 'ชำระบิลเลขที่ 4250274499 ธนาคาร: ไทยพาณิชย์ หมายเลขบัญชี: 0653306767 โดย ผู้ดูแลระบบ', 0, 1, '', 0, 1, '2020-10-29 10:49:50', '2021-01-21 08:25:30'),
(70, 1, 1, '2461084568', 2, 'ชำระบิลเลขที่ 2461084568 ธนาคาร: a หมายเลขบัญชี: c โดย ผู้ดูแลระบบ', 0, 1, '', 0, 1, '2020-10-29 10:55:54', '2021-01-21 08:25:30'),
(71, 1, 1, '330070814', 2, 'ชำระบิลเลขที่ 330070814 ธนาคาร: a หมายเลขบัญชี: c โดย ผู้ดูแลระบบ', 0, 1, '', 0, 1, '2020-10-29 10:56:29', '2021-01-21 08:25:30'),
(72, 1, 1, '883374489', 2, 'ชำระบิลเลขที่ 883374489 ธนาคาร: กสิกรไทย หมายเลขบัญชี: 0501277004 โดย ผู้ดูแลระบบ', 0, 1, '', 0, 1, '2020-10-29 10:57:11', '2021-01-21 08:25:30'),
(73, 1, 1, '1122117498', 2, 'ชำระบิลเลขที่ 1122117498 ธนาคาร: ไทยพาณิชย์ หมายเลขบัญชี: 0653306767 โดย ผู้ดูแลระบบ', 0, 1, '', 0, 1, '2020-10-29 10:57:50', '2021-01-21 08:25:30'),
(74, 1, 1, '3196451177', 2, 'ชำระบิลเลขที่ 3196451177 ธนาคาร: ไทยพาณิชย์ หมายเลขบัญชี: 0653306767 โดย ผู้ดูแลระบบ', 0, 1, '', 0, 1, '2020-10-29 10:58:31', '2021-01-21 08:25:30'),
(75, 1, 1, '1241958973', 2, 'ชำระบิลเลขที่ 1241958973 ธนาคาร: ไทยพาณิชย์ หมายเลขบัญชี: 0653306767 โดย ผู้ดูแลระบบ', 0, 1, '', 0, 1, '2020-10-29 10:59:03', '2021-01-21 08:25:30'),
(76, 1, 1, '2475801650', 2, 'ชำระบิลเลขที่ 2475801650 ธนาคาร: ไทยพาณิชย์ หมายเลขบัญชี: 0653306767 โดย ผู้ดูแลระบบ', 0, 1, '', 0, 1, '2020-10-29 11:01:20', '2021-01-21 08:25:30'),
(77, 1, 1, '1751324206', 2, 'ชำระบิลเลขที่ 1751324206 ธนาคาร: a หมายเลขบัญชี: c โดย ผู้ดูแลระบบ', 0, 1, '', 0, 1, '2020-10-29 11:02:35', '2021-01-21 08:25:30'),
(78, 1, 1, '2849252404', 2, 'ชำระบิลเลขที่ 2849252404 ธนาคาร: กสิกรไทย หมายเลขบัญชี: 0501277004 โดย ผู้ดูแลระบบ', 0, 1, '', 0, 1, '2020-10-29 11:03:45', '2021-01-21 08:25:30'),
(79, 1, 1, '175471772', 2, 'ชำระบิลเลขที่ 175471772 ธนาคาร: ไทยพาณิชย์ หมายเลขบัญชี: 0653306767 โดย ผู้ดูแลระบบ', 0, 1, '', 0, 1, '2020-10-29 11:04:18', '2021-01-21 08:25:30'),
(80, 1, 1, '1643268278', 2, 'ชำระบิลเลขที่ 1643268278 ธนาคาร: ไทยพาณิชย์ หมายเลขบัญชี: 0653306767 โดย ผู้ดูแลระบบ', 0, 1, '', 0, 1, '2020-10-29 11:04:59', '2021-01-21 08:25:30'),
(81, 1, 1, '186924340', 2, 'ชำระบิลเลขที่ 186924340 ธนาคาร: ไทยพาณิชย์ หมายเลขบัญชี: 0653306767 โดย ผู้ดูแลระบบ', 0, 1, '', 0, 1, '2020-10-29 11:05:56', '2021-01-21 08:25:30'),
(82, 1, 1, '4220435120', 2, 'ชำระบิลเลขที่ 4220435120 ธนาคาร: ไทยพาณิชย์ หมายเลขบัญชี: 0653306767 โดย ผู้ดูแลระบบ', 0, 1, '', 0, 1, '2020-10-29 11:08:29', '2021-01-21 08:25:30'),
(83, 1, 1, '1035135407', 2, 'ชำระบิลเลขที่ 1035135407 ธนาคาร: ไทยพาณิชย์ หมายเลขบัญชี: 0653306767 โดย ผู้ดูแลระบบ', 0, 1, '', 1, 1, '2020-10-29 11:09:48', '2021-01-21 08:25:30'),
(84, 1, 1, '2202359568', 2, 'ชำระบิลเลขที่ 2202359568 ธนาคาร: ไทยพาณิชย์ หมายเลขบัญชี: 0653306767 โดย ผู้ดูแลระบบ', 0, 1, '', 0, 1, '2020-10-29 11:24:25', '2021-01-21 08:25:30'),
(85, 1, 1, '2477360509', 2, 'ชำระบิลเลขที่ 2477360509 ธนาคาร: ไทยพาณิชย์ หมายเลขบัญชี: 0653306767 โดย ผู้ดูแลระบบ', 0, 1, '', 0, 1, '2020-10-29 11:25:31', '2021-01-21 08:25:30'),
(86, 1, 1, '804034770', 2, 'ชำระบิลเลขที่ 804034770 ธนาคาร: ไทยพาณิชย์ หมายเลขบัญชี: 0653306767 โดย ผู้ดูแลระบบ', 0, 1, '', 0, 1, '2020-10-29 11:26:06', '2021-01-21 08:25:30'),
(87, 1, 1, '720063724', 2, 'ชำระบิลเลขที่ 720063724 ธนาคาร: ไทยพาณิชย์ หมายเลขบัญชี: 0653306767 โดย ผู้ดูแลระบบ', 0, 1, '', 0, 1, '2020-10-29 11:27:06', '2021-01-21 08:25:30'),
(88, 1, 1, '2976403997', 2, 'ชำระบิลเลขที่ 2976403997 ธนาคาร: ไทยพาณิชย์ หมายเลขบัญชี: 0653306767 โดย ผู้ดูแลระบบ', 0, 1, '', 0, 1, '2020-10-29 11:27:32', '2021-01-21 08:25:30'),
(89, 1, 1, '139640126', 2, 'ชำระบิลเลขที่ 139640126 ธนาคาร: ไทยพาณิชย์ หมายเลขบัญชี: 0653306767 โดย ผู้ดูแลระบบ', 0, 1, '', 1, 1, '2020-10-29 11:27:55', '2021-01-21 08:25:30'),
(90, 1, 1, '1746131277', 1, 'ออเดอร์หมายเลข 1746131277 จากคุณ Metha Sume ติดต่อ: 0990432045', 0, 1, '', 0, 1, '2020-10-29 11:34:19', '2021-01-21 08:25:30'),
(91, 1, 1, '581458884', 1, 'ออเดอร์หมายเลข 581458884 จากคุณ Metha Sume ติดต่อ: 0990432045', 0, 1, '', 0, 1, '2020-10-29 11:34:52', '2021-01-21 08:25:30'),
(92, 1, 1, '2473251644', 1, 'ออเดอร์หมายเลข 2473251644 จากคุณ Metha Sume ติดต่อ: 0990432045', 0, 1, '', 0, 1, '2020-10-29 11:38:08', '2021-01-21 08:25:30'),
(93, 1, 1, '1685031639', 1, 'ออเดอร์หมายเลข 1685031639 จากคุณ Metha Sume ติดต่อ: 0990432045', 0, 1, '', 0, 1, '2020-10-29 11:50:52', '2021-01-21 08:25:30'),
(94, 1, 1, '692985559', 1, 'ออเดอร์หมายเลข 692985559 จากคุณ Metha Sume ติดต่อ: 0990432045', 0, 1, '', 1, 1, '2020-10-29 11:51:51', '2021-01-21 08:25:30'),
(95, 1, 1, '1194489812', 1, 'ออเดอร์หมายเลข 1194489812 จากคุณ เมธา สุเมธาพัฒนกิจ ติดต่อ: 0890430567', 1, 1, '', 1, 1, '2020-11-15 08:04:20', '2021-01-21 08:25:30'),
(96, 1, 1, '1194489812', 2, 'ชำระบิลเลขที่ 1194489812 ธนาคาร: กสิกรไทย หมายเลขบัญชี: 0501277004 โดย ผู้ดูแลระบบ', 0, 1, '', 0, 1, '2020-11-15 08:54:58', '2021-01-21 08:25:30');

-- --------------------------------------------------------

--
-- Table structure for table `order_delivery_tb`
--

CREATE TABLE `order_delivery_tb` (
  `order_id` varchar(20) COLLATE utf8mb4_unicode_ci NOT NULL COMMENT 'order_id',
  `confirm_date` datetime DEFAULT NULL,
  `delivery_date` datetime DEFAULT NULL,
  `received_date` datetime DEFAULT NULL,
  `name` varchar(255) COLLATE utf8mb4_unicode_ci NOT NULL,
  `address` varchar(255) COLLATE utf8mb4_unicode_ci NOT NULL,
  `province_id` int(11) NOT NULL,
  `zipcode` varchar(20) COLLATE utf8mb4_unicode_ci NOT NULL,
  `phone` varchar(100) COLLATE utf8mb4_unicode_ci NOT NULL
) ENGINE=InnoDB DEFAULT CHARSET=utf8mb4 COLLATE=utf8mb4_unicode_ci;

--
-- Dumping data for table `order_delivery_tb`
--

INSERT INTO `order_delivery_tb` (`order_id`, `confirm_date`, `delivery_date`, `received_date`, `name`, `address`, `province_id`, `zipcode`, `phone`) VALUES
('1035135407', NULL, NULL, NULL, 'Metha Sume', 'VKL เลขที่ 52 เขตลาดหน้า แถวลาดหน้า', 1, '10700', '0990432045'),
('1081210681', '2020-09-24 11:02:03', '2020-09-24 11:02:08', '2020-09-24 11:02:19', 'Metha Sume', 'VKL เลขที่ 52 เขตลาดหน้า แถวลาดหน้า', 1, '10700', '0990432045'),
('1122117498', NULL, NULL, NULL, 'Metha Sume', 'VKL เลขที่ 52 เขตลาดหน้า แถวลาดหน้า', 1, '10700', '0990432045'),
('1165307627', NULL, NULL, NULL, 'Metha Sume', 'VKL เลขที่ 52 เขตลาดหน้า แถวลาดหน้า', 1, '10700', '0990432045'),
('1184330458', '2020-09-21 11:21:43', NULL, NULL, 'Metha Sume', 'VKL เลขที่ 52 เขตลาดหน้า แถวลาดหน้า', 1, '10700', '0990432045'),
('1194489812', NULL, NULL, NULL, 'เมธา สุเมธาพัฒนกิจ', 'LKS เลขที่ 27 เขตลาดพร้าว แขวงลาดพร้าว', 2, '10310', '0890430567'),
('1241958973', NULL, NULL, NULL, 'Metha Sume', 'VKL เลขที่ 52 เขตลาดหน้า แถวลาดหน้า', 1, '10700', '0890430567'),
('1248244866', NULL, NULL, NULL, 'Metha Sume', 'VKL เลขที่ 52 เขตลาดหน้า แถวลาดหน้า', 1, '10700', '0990432045'),
('1271600832', NULL, NULL, NULL, 'Metha Sume', 'VKL เลขที่ 52 เขตลาดหน้า แถวลาดหน้า', 1, '10700', '0990432045'),
('1283960064', NULL, NULL, NULL, 'Metha Sume', 'VKL เลขที่ 52 เขตลาดหน้า แถวลาดหน้า', 1, '10700', '0990432045'),
('1301712225', '2020-09-24 10:20:23', '2020-09-24 11:00:04', NULL, 'Metha Sume', 'VKL เลขที่ 52 เขตลาดหน้า แถวลาดหน้า', 1, '10700', '0990432045'),
('1341894489', NULL, NULL, NULL, 'Metha Sume', 'VKL เลขที่ 52 เขตลาดหน้า แถวลาดหน้า', 1, '10700', '0990432045'),
('1358562167', NULL, NULL, NULL, 'Metha Sume', 'VKL เลขที่ 52 เขตลาดหน้า แถวลาดหน้า', 1, '10700', '0990432045'),
('139640126', NULL, NULL, NULL, 'Metha Sume', 'VKL เลขที่ 52 เขตลาดหน้า แถวลาดหน้า', 1, '10700', '0990432045'),
('1420360900', '2020-09-14 10:29:18', '2020-09-14 10:29:28', '2020-09-14 10:30:10', 'Metha Sume', 'VKL เลขที่ 52 เขตลาดหน้า แถวลาดหน้า', 1, '10700', '0990432045'),
('1440201571', NULL, NULL, NULL, 'Metha Sume', 'VKL เลขที่ 52 เขตลาดหน้า แถวลาดหน้า', 1, '10700', '0990432045'),
('1536807484', NULL, NULL, NULL, 'Metha Sume', 'VKL เลขที่ 52 เขตลาดหน้า แถวลาดหน้า', 1, '10700', '0990432045'),
('1578157810', NULL, NULL, NULL, 'เมธา สุเมธาพัฒนกิจ', 'LKS เลขที่ 27 เขตลาดพร้าว แขวงลาดพร้าว', 1, '10310', '0890430567'),
('1610348675', NULL, NULL, NULL, 'เมธา สุเมธาพัฒนกิจ', 'LKS เลขที่ 27 เขตลาดพร้าว แขวงลาดพร้าว', 2, '10310', '0890430567'),
('1643268278', NULL, NULL, NULL, 'Metha Sume', 'VKL เลขที่ 52 เขตลาดหน้า แถวลาดหน้า', 1, '10700', '0990432045'),
('1685031639', NULL, NULL, NULL, 'Metha Sume', 'VKL เลขที่ 52 เขตลาดหน้า แถวลาดหน้า', 1, '10700', '0990432045'),
('1712882507', NULL, NULL, NULL, 'Metha Sume', 'VKL เลขที่ 52 เขตลาดหน้า แถวลาดหน้า', 1, '10700', '0990432045'),
('1735333723', '2020-09-24 17:11:33', NULL, NULL, 'Metha Sume', 'VKL เลขที่ 52 เขตลาดหน้า แถวลาดหน้า', 1, '10700', '0990432045'),
('1746131277', NULL, NULL, NULL, 'Metha Sume', 'VKL เลขที่ 52 เขตลาดหน้า แถวลาดหน้า', 1, '10700', '0990432045'),
('1751324206', NULL, NULL, NULL, 'Metha Sume', 'VKL เลขที่ 52 เขตลาดหน้า แถวลาดหน้า', 1, '10700', '0990432045'),
('1752884720', '2020-09-14 10:33:32', '2020-09-16 17:19:43', NULL, 'Metha Sume', 'VKL เลขที่ 52 เขตลาดหน้า แถวลาดหน้า', 1, '10700', '0990432045'),
('175471772', NULL, NULL, NULL, 'Metha Sume', 'VKL เลขที่ 52 เขตลาดหน้า แถวลาดหน้า', 1, '10700', '0990432045'),
('1762650166', NULL, NULL, NULL, 'Metha Sume', 'VKL เลขที่ 52 เขตลาดหน้า แถวลาดหน้า', 1, '10700', '0990432045'),
('1810543483', '2020-09-14 14:53:15', '2020-09-14 14:53:20', '2020-09-14 14:53:24', 'Metha Sume', 'VKL เลขที่ 52 เขตลาดหน้า แถวลาดหน้า', 1, '10700', '0990432045'),
('1819886294', '2020-09-24 17:08:48', '2020-10-28 14:55:49', '2020-10-28 14:55:55', 'Metha Sume', 'VKL เลขที่ 52 เขตลาดหน้า แถวลาดหน้า', 1, '10700', '0990432045'),
('1826969060', NULL, NULL, NULL, 'Metha Sume', 'VKL เลขที่ 52 เขตลาดหน้า แถวลาดหน้า', 1, '10700', '0990432045'),
('186924340', NULL, NULL, NULL, 'Metha Sume', 'VKL เลขที่ 52 เขตลาดหน้า แถวลาดหน้า', 1, '10700', '0990432045'),
('1889421550', NULL, NULL, NULL, 'Metha Sume', 'VKL เลขที่ 52 เขตลาดหน้า แถวลาดหน้า', 1, '10700', '0990432045'),
('1899767154', '2020-09-14 10:36:17', NULL, NULL, 'Metha Sume', 'VKL เลขที่ 52 เขตลาดหน้า แถวลาดหน้า', 1, '10700', '0990432045'),
('1926827395', NULL, NULL, NULL, 'Metha Sume', 'VKL เลขที่ 52 เขตลาดหน้า แถวลาดหน้า', 1, '10700', '0990432045'),
('1946506396', NULL, NULL, NULL, 'Metha Sume', 'VKL เลขที่ 52 เขตลาดหน้า แถวลาดหน้า', 1, '10700', '0990432045'),
('1976628515', NULL, NULL, NULL, 'Metha Sume', 'VKL เลขที่ 52 เขตลาดหน้า แถวลาดหน้า', 1, '10700', '0990432045'),
('2053409470', NULL, NULL, NULL, 'Metha Sume', 'VKL เลขที่ 52 เขตลาดหน้า แถวลาดหน้า', 1, '10700', '0990432045'),
('207829601', NULL, NULL, NULL, 'Metha Sume', 'VKL เลขที่ 52 เขตลาดหน้า แถวลาดหน้า', 1, '10700', '0990432045'),
('2086751824', NULL, NULL, NULL, 'Metha Sume', 'VKL เลขที่ 52 เขตลาดหน้า แถวลาดหน้า', 1, '10705', '0990432045'),
('2101085030', '2020-09-24 17:11:59', NULL, NULL, 'Metha Sume', 'VKL เลขที่ 52 เขตลาดหน้า แถวลาดหน้า', 1, '10700', '0990432045'),
('2106554270', '2020-09-10 18:21:53', NULL, NULL, 'Metha Sume', 'VKL เลขที่ 52 เขตลาดหน้า แถวลาดหน้า', 1, '10700', '0990432045'),
('2143670368', '2020-09-14 10:07:13', '2020-09-14 10:07:18', '2020-09-14 10:07:23', 'Metha Sume', 'VKL เลขที่ 52 เขตลาดหน้า แถวลาดหน้า', 1, '10700', '0990432045'),
('2160503492', NULL, NULL, NULL, 'Metha Sume', 'VKL เลขที่ 52 เขตลาดหน้า แถวลาดหน้า', 1, '10700', '0990432045'),
('2202359568', NULL, NULL, NULL, 'Metha Sume', 'VKL เลขที่ 52 เขตลาดหน้า แถวลาดหน้า', 1, '10700', '0990432045'),
('2245621119', NULL, NULL, NULL, 'Metha Sume', 'VKL เลขที่ 52 เขตลาดหน้า แถวลาดหน้า', 1, '10700', '0990432045'),
('2265589631', '2020-09-14 10:35:44', NULL, NULL, 'Metha Sume', 'VKL เลขที่ 52 เขตลาดหน้า แถวลาดหน้า', 1, '10700', '0990432045'),
('2306472337', NULL, NULL, NULL, 'Metha Sume', 'VKL เลขที่ 52 เขตลาดหน้า แถวลาดหน้า', 1, '10700', '0990432045'),
('2317780929', NULL, NULL, NULL, 'a', 'a a', 1, 'a', 'a'),
('2344787208', NULL, NULL, NULL, 'Metha Sume', 'VKL เลขที่ 52 เขตลาดหน้า แถวลาดหน้า', 1, '10700', '0990432045'),
('2367868770', NULL, NULL, NULL, 'Metha Sume', 'VKL เลขที่ 52 เขตลาดหน้า แถวลาดหน้า', 1, '10700', '0990432045'),
('2375187324', '2020-09-16 17:13:18', '2020-09-16 17:13:30', '2020-09-16 17:20:39', 'a', 'a a', 4, 'a', 'a'),
('2424700618', NULL, NULL, NULL, 'Metha Sume', 'VKL เลขที่ 52 เขตลาดหน้า แถวลาดหน้า', 1, '10700', '0990432045'),
('2452582541', NULL, NULL, NULL, 'Metha Sume', 'VKL เลขที่ 52 เขตลาดหน้า แถวลาดหน้า', 1, '10700', '0990432045'),
('2461084568', NULL, NULL, NULL, 'Metha Sume', 'VKL เลขที่ 52 เขตลาดหน้า แถวลาดหน้า', 1, '10700', '0990432045'),
('2473251644', NULL, NULL, NULL, 'Metha Sume', 'VKL เลขที่ 52 เขตลาดหน้า แถวลาดหน้า', 1, '10700', '0990432045'),
('2475801650', NULL, NULL, NULL, 'Metha Sume', 'VKL เลขที่ 52 เขตลาดหน้า แถวลาดหน้า', 1, '10700', '0990432045'),
('2477360509', NULL, NULL, NULL, 'Metha Sume', 'VKL เลขที่ 52 เขตลาดหน้า แถวลาดหน้า', 1, '10700', '0990432045'),
('2495837753', NULL, NULL, NULL, 'เมธา สุเมธาพัฒนกิจ', 'LKS เลขที่ 27 เขตลาดพร้าว แขวงลาดพร้าว', 2, '10310', '0890430567'),
('2541533543', NULL, NULL, NULL, 'Metha Sume', 'VKL เลขที่ 52 เขตลาดหน้า แถวลาดหน้า', 1, '10700', '0990432045'),
('2608597922', NULL, NULL, NULL, 'Metha Sume', 'VKL เลขที่ 52 เขตลาดหน้า แถวลาดหน้า', 1, '10700', '0990432045'),
('2625759556', '2020-09-14 10:36:40', NULL, NULL, 'Metha Sume', 'VKL เลขที่ 52 เขตลาดหน้า แถวลาดหน้า', 1, '10700', '0990432045'),
('266239981', NULL, NULL, NULL, 'Metha Sume', 'VKL เลขที่ 52 เขตลาดหน้า แถวลาดหน้า', 1, '10700', '0990432045'),
('2665174213', NULL, NULL, NULL, 'Metha Sume', 'VKL เลขที่ 52 เขตลาดหน้า แถวลาดหน้า', 1, '10700', '0990432045'),
('268682936', '2020-09-11 17:07:38', '2020-09-11 17:07:43', '2020-09-11 17:07:47', 'Metha Sume', 'VKL เลขที่ 52 เขตลาดหน้า แถวลาดหน้า', 1, '10700', '0990432045'),
('270064278', NULL, NULL, NULL, 'Metha Sume', 'VKL เลขที่ 52 เขตลาดหน้า แถวลาดหน้า', 1, '10700', '0990432045'),
('2742791362', NULL, NULL, NULL, 'Metha Sume', 'VKL เลขที่ 52 เขตลาดหน้า แถวลาดหน้า', 1, '10700', '0990432045'),
('2742986671', NULL, NULL, NULL, 'Metha Sume', 'VKL เลขที่ 52 เขตลาดหน้า แถวลาดหน้า', 1, '10700', '0990432045'),
('2786856640', NULL, NULL, NULL, 'Metha Sume', 'VKL เลขที่ 52 เขตลาดหน้า แถวลาดหน้า', 1, '10700', '0990432045'),
('2795839570', NULL, NULL, NULL, 'Metha Sume', 'VKL เลขที่ 52 เขตลาดหน้า แถวลาดหน้า', 1, '10700', '0990432045'),
('2817948061', NULL, NULL, NULL, 'Metha Sume', 'VKL เลขที่ 52 เขตลาดหน้า แถวลาดหน้า', 1, '10700', '0990432045'),
('2824260215', '2020-10-28 15:02:04', '2020-10-28 15:05:59', '2020-10-28 15:06:19', 'a', 'vke 22', 1, '10787', '0653007878'),
('2849252404', NULL, NULL, NULL, 'Metha Sume', 'VKL เลขที่ 52 เขตลาดหน้า แถวลาดหน้า', 1, '10700', '0990432045'),
('2976403997', NULL, NULL, NULL, 'Metha Sume', 'VKL เลขที่ 52 เขตลาดหน้า แถวลาดหน้า', 1, '10700', '0990432045'),
('2987105467', NULL, NULL, NULL, 'Metha Sume', 'VKL เลขที่ 52 เขตลาดหน้า แถวลาดหน้า', 1, '10700', '0990432045'),
('3080388050', NULL, NULL, NULL, 'Metha Sume', 'VKL เลขที่ 52 เขตลาดหน้า แถวลาดหน้า', 1, '10700', '0990432045'),
('3121666028', NULL, NULL, NULL, 'Metha Sume', 'VKL เลขที่ 52 เขตลาดหน้า แถวลาดหน้า', 1, '10700', '0990432045'),
('313489865', NULL, NULL, NULL, 'Metha Sume', 'VKL เลขที่ 52 เขตลาดหน้า แถวลาดหน้า', 1, '10700', '0990432045'),
('3196451177', NULL, NULL, NULL, 'Metha Sume', 'VKL เลขที่ 52 เขตลาดหน้า แถวลาดหน้า', 1, '10700', '0990432045'),
('3199018549', NULL, NULL, NULL, 'Metha Sume', 'VKL เลขที่ 52 เขตลาดหน้า แถวลาดหน้า', 1, '10700', '0990432045'),
('3251075082', NULL, NULL, NULL, 'Metha Sume', 'VKL เลขที่ 52 เขตลาดหน้า แถวลาดหน้า', 1, '10700', '0990432045'),
('3271391778', NULL, NULL, NULL, 'Metha Sume', 'VKL เลขที่ 52 เขตลาดหน้า แถวลาดหน้า', 1, '10700', '0990432045'),
('3275169792', NULL, NULL, NULL, 'Metha Sume', 'VKL เลขที่ 52 เขตลาดหน้า แถวลาดหน้า', 1, '10700', '0990432045'),
('330070814', NULL, NULL, NULL, 'Metha Sume', 'VKL เลขที่ 52 เขตลาดหน้า แถวลาดหน้า', 1, '10700', '0990432045'),
('3314758028', '2020-07-27 19:08:01', '2020-09-11 12:05:40', '2020-09-11 16:13:59', 'เมธา สุเมธาพัฒนกิจ', 'LKS เลขที่ 27 เขตลาดพร้าว แขวงลาดพร้าว', 2, '10310', '0890430567'),
('3320358994', NULL, NULL, NULL, 'Metha Sume', 'VKL เลขที่ 52 เขตลาดหน้า แถวลาดหน้า', 1, '10700', '0990432045'),
('3336593403', NULL, NULL, NULL, 'Metha Sume', 'VKL เลขที่ 52 เขตลาดหน้า แถวลาดหน้า', 1, '10700', '0990432045'),
('3344460450', NULL, NULL, NULL, 'Metha Sume', 'VKL เลขที่ 52 เขตลาดหน้า แถวลาดหน้า', 1, '10700', '0990432045'),
('3349961753', '2020-07-27 18:25:54', '2020-07-27 18:26:48', '2020-07-27 18:29:49', 'เมธา สุเมธาพัฒนกิจ', 'LKS เลขที่ 27 เขตลาดพร้าว แขวงลาดพร้าว', 2, '10310', '0890430567'),
('3372616468', NULL, NULL, NULL, 'Metha Sume', 'VKL เลขที่ 52 เขตลาดหน้า แถวลาดหน้า', 1, '10700', '0990432045'),
('34449033', NULL, NULL, NULL, 'Metha Sume', 'VKL เลขที่ 52 เขตลาดหน้า แถวลาดหน้า', 1, '10700', '0990432045'),
('3495107467', NULL, NULL, NULL, 'an', 'lkv 52 ลาดพร้าว', 1, '10790', '0653306767'),
('3502996248', NULL, NULL, NULL, 'Metha Sume', 'VKL เลขที่ 52 เขตลาดหน้า แถวลาดหน้า', 1, '10700', '0990432045'),
('3541390248', NULL, NULL, NULL, 'Metha Sume', 'VKL เลขที่ 52 เขตลาดหน้า แถวลาดหน้า', 1, '10700', '0990432045'),
('3542404373', NULL, NULL, NULL, 'Metha Sume', 'VKL เลขที่ 52 เขตลาดหน้า แถวลาดหน้า', 1, '10700', '0990432045'),
('3656887085', '2020-10-19 13:04:49', NULL, NULL, 'Metha Sume', 'VKL เลขที่ 52 เขตลาดหน้า แถวลาดหน้า', 1, '10700', '0990432045'),
('3760208163', NULL, NULL, NULL, 'Metha Sume', 'VKL เลขที่ 52 เขตลาดหน้า แถวลาดหน้า', 1, '10700', '0990432045'),
('3876041597', '2020-09-18 11:47:38', NULL, NULL, 'Metha Sume', 'VKL เลขที่ 52 เขตลาดหน้า แถวลาดหน้า', 1, '10700', '0990432045'),
('3890892960', NULL, NULL, NULL, 'Metha Sume', 'VKL เลขที่ 52 เขตลาดหน้า แถวลาดหน้า', 1, '10700', '0990432045'),
('4063089353', NULL, NULL, NULL, 'a', 'b asdf', 64, '12312', '1231231231'),
('4087314347', NULL, NULL, NULL, 'Metha Sume', 'VKL เลขที่ 52 เขตลาดหน้า แถวลาดหน้า', 1, '10700', '0990432045'),
('4106342458', NULL, NULL, NULL, 'Metha Sume', 'VKL เลขที่ 52 เขตลาดหน้า แถวลาดหน้า', 1, '10700', '0990432045'),
('410760802', NULL, NULL, NULL, 'Metha Sume', 'VKL เลขที่ 52 เขตลาดหน้า แถวลาดหน้า', 1, '10700', '0990432045'),
('4176478788', NULL, NULL, NULL, 'Metha Sume', 'VKL เลขที่ 52 เขตลาดหน้า แถวลาดหน้า', 1, '10700', '0990432045'),
('4220435120', NULL, NULL, NULL, 'Metha Sume', 'VKL เลขที่ 52 เขตลาดหน้า แถวลาดหน้า', 1, '10700', '0990432045'),
('4250274499', NULL, NULL, NULL, 'Metha Sume', 'VKL เลขที่ 52 เขตลาดหน้า แถวลาดหน้า', 1, '10700', '0990432045'),
('4254546664', NULL, NULL, NULL, 'Metha Sume', 'VKL เลขที่ 52 เขตลาดหน้า แถวลาดหน้า', 1, '10700', '0990432045'),
('4290260909', NULL, NULL, NULL, 'Metha Sume', 'VKL เลขที่ 52 เขตลาดหน้า แถวลาดหน้า', 1, '10700', '0990432045'),
('441613355', NULL, NULL, NULL, 'Metha Sume', 'VKL เลขที่ 52 เขตลาดหน้า แถวลาดหน้า', 1, '10700', '0990432045'),
('449295904', NULL, NULL, NULL, 'Metha Sume', 'VKL เลขที่ 52 เขตลาดหน้า แถวลาดหน้า', 1, '10700', '0990432045'),
('47640230', NULL, NULL, NULL, 'Metha Sume', 'VKL เลขที่ 52 เขตลาดหน้า แถวลาดหน้า', 1, '10700', '0990432045'),
('487933482', NULL, NULL, NULL, 'a', 'a a', 1, '11111', '1111111111'),
('494933116', NULL, NULL, NULL, 'Metha Sume', 'VKL เลขที่ 52 เขตลาดหน้า แถวลาดหน้า', 1, '10700', '0990432045'),
('581458884', NULL, NULL, NULL, 'Metha Sume', 'VKL เลขที่ 52 เขตลาดหน้า แถวลาดหน้า', 1, '10700', '0990432045'),
('692985559', '2020-11-15 15:07:01', '2020-11-15 15:12:24', '2020-11-15 15:12:42', 'Metha Sume', 'VKL เลขที่ 52 เขตลาดหน้า แถวลาดหน้า', 1, '10700', '0990432045'),
('720063724', NULL, NULL, NULL, 'Metha Sume', 'VKL เลขที่ 52 เขตลาดหน้า แถวลาดหน้า', 1, '10700', '0990432045'),
('751576516', NULL, NULL, NULL, 'Metha Sume', 'VKL เลขที่ 52 เขตลาดหน้า แถวลาดหน้า', 1, '10700', '0990432045'),
('804034770', NULL, NULL, NULL, 'Metha Sume', 'VKL เลขที่ 52 เขตลาดหน้า แถวลาดหน้า', 1, '10700', '0990432045'),
('827915848', NULL, NULL, NULL, 'Metha Sume', 'VKL เลขที่ 52 เขตลาดหน้า แถวลาดหน้า', 1, '10700', '0990432045'),
('883374489', NULL, NULL, NULL, 'Metha Sume', 'VKL เลขที่ 52 เขตลาดหน้า แถวลาดหน้า', 1, '10700', '0990432045'),
('883618643', '2020-09-14 10:38:48', NULL, NULL, 'Metha Sume', 'VKL เลขที่ 52 เขตลาดหน้า แถวลาดหน้า', 1, '10700', '0990432045');

-- --------------------------------------------------------

--
-- Table structure for table `order_item_tb`
--

CREATE TABLE `order_item_tb` (
  `order_id` varchar(20) COLLATE utf8mb4_unicode_ci NOT NULL COMMENT 'order_id',
  `id` int(11) NOT NULL COMMENT 'run_item_id',
  `product_id` int(11) NOT NULL,
  `product_name` varchar(255) COLLATE utf8mb4_unicode_ci NOT NULL,
  `remark` varchar(255) COLLATE utf8mb4_unicode_ci NOT NULL,
  `qty` int(11) NOT NULL DEFAULT 0,
  `price` decimal(10,2) NOT NULL,
  `total` decimal(10,2) NOT NULL,
  `status` tinyint(4) NOT NULL DEFAULT 1 COMMENT '1 need confirm,2=confirm item'
) ENGINE=InnoDB DEFAULT CHARSET=utf8mb4 COLLATE=utf8mb4_unicode_ci;

--
-- Dumping data for table `order_item_tb`
--

INSERT INTO `order_item_tb` (`order_id`, `id`, `product_id`, `product_name`, `remark`, `qty`, `price`, `total`, `status`) VALUES
('1035135407', 3, 2, 'ไก่ประเภทหนึ่ง', '', 1, '5.00', '5.00', 1),
('1035135407', 4, 3, 'ไก่2', '', 1, '20.00', '20.00', 1),
('1035135407', 9, 8, 'หลักพัน', '', 1, '1000.00', '1000.00', 1),
('1081210681', 3, 2, 'ไก่ประเภทหนึ่ง', '', 2, '5.00', '10.00', 1),
('1122117498', 4, 3, 'ไก่2', '', 1, '20.00', '20.00', 1),
('1165307627', 8, 7, 'หมูปิ้ง', '', 2, '50.00', '100.00', 1),
('1184330458', 3, 2, 'ไก่ประเภทหนึ่ง', '', 1, '5.00', '5.00', 1),
('1184330458', 5, 4, 'ไก่ทุกประเภท', '', 1, '30.00', '30.00', 1),
('1184330458', 10, 9, 'a', '', 1, '10.00', '10.00', 1),
('1194489812', 4, 3, 'ไก่2', '', 1, '20.00', '20.00', 1),
('1194489812', 5, 4, 'ไก่ทุกประเภท', '', 1, '30.00', '30.00', 1),
('1241958973', 10, 9, 'a', '', 1, '10.00', '10.00', 1),
('1248244866', 4, 3, 'ไก่2', '', 1, '20.00', '20.00', 1),
('1271600832', 4, 3, 'ไก่2', '', 1, '20.00', '20.00', 1),
('1283960064', 4, 3, 'ไก่2', '', 1, '20.00', '20.00', 1),
('1301712225', 5, 4, 'ไก่ทุกประเภท', '', 1, '30.00', '30.00', 1),
('1341894489', 9, 8, 'หลักพัน', '', 1, '1000.00', '1000.00', 1),
('1358562167', 3, 2, 'ไก่ประเภทหนึ่ง', '', 1, '5.00', '5.00', 1),
('139640126', 9, 8, 'หลักพัน', '', 1, '1000.00', '1000.00', 1),
('1420360900', 4, 3, 'ไก่2', '', 1, '20.00', '20.00', 1),
('1440201571', 3, 2, 'ไก่ประเภทหนึ่ง', '', 6, '5.00', '30.00', 1),
('1536807484', 5, 4, 'ไก่ทุกประเภท', '', 1, '30.00', '30.00', 1),
('1578157810', 6, 5, 'หมูทอด', '', 1, '10.00', '10.00', 1),
('1610348675', 3, 2, 'ไก่', '', 1, '10.00', '10.00', 1),
('1643268278', 16, 15, 'g', '', 1, '0.60', '0.60', 1),
('1685031639', 5, 4, 'ไก่ทุกประเภท', '', 1, '30.00', '30.00', 1),
('1712882507', 3, 2, 'ไก่ประเภทหนึ่ง', '', 1, '5.00', '5.00', 1),
('1712882507', 4, 3, 'ไก่2', '', 1, '20.00', '20.00', 1),
('1735333723', 9, 8, 'หลักพัน', '', 1, '1000.00', '1000.00', 1),
('1746131277', 4, 3, 'ไก่2', '', 1, '20.00', '20.00', 1),
('1751324206', 8, 7, 'หมูปิ้ง', '', 1, '50.00', '50.00', 1),
('1752884720', 16, 15, 'g', '', 2, '0.60', '1.20', 1),
('175471772', 15, 14, 'f', '', 1, '0.60', '0.60', 1),
('1762650166', 3, 2, 'ไก่ประเภทหนึ่ง', '', 1, '5.00', '5.00', 1),
('1810543483', 9, 8, 'หลักพัน', '', 1, '1000.00', '1000.00', 1),
('1819886294', 4, 3, 'ไก่2', '', 1, '20.00', '20.00', 1),
('1826969060', 9, 8, 'หลักพัน', '', 2, '1000.00', '2000.00', 1),
('186924340', 9, 8, 'หลักพัน', '', 3, '1000.00', '3000.00', 1),
('1889421550', 8, 7, 'หมูปิ้ง', '', 1, '50.00', '50.00', 1),
('1899767154', 9, 8, 'หลักพัน', '', 1, '1000.00', '1000.00', 1),
('1926827395', 13, 12, 'd', '', 1, '40.00', '40.00', 1),
('1946506396', 3, 2, 'ไก่ประเภทหนึ่ง', '', 3, '5.00', '15.00', 1),
('1976628515', 3, 2, 'ไก่ประเภทหนึ่ง', '', 7, '5.00', '35.00', 1),
('2053409470', 5, 4, 'ไก่ทุกประเภท', '', 1, '30.00', '30.00', 1),
('2053409470', 9, 8, 'หลักพัน', '', 1, '1000.00', '1000.00', 1),
('207829601', 3, 2, 'ไก่ประเภทหนึ่ง', '', 1, '5.00', '5.00', 1),
('2086751824', 3, 2, 'ไก่ประเภทหนึ่ง', '', 1, '5.00', '5.00', 1),
('2101085030', 9, 8, 'หลักพัน', '', 1, '1000.00', '1000.00', 1),
('2106554270', 3, 2, 'ไก่ประเภทหนึ่ง', '', 1, '10.00', '10.00', 1),
('2106554270', 4, 3, 'ไก่2', '', 1, '20.00', '20.00', 1),
('2143670368', 3, 2, 'ไก่ประเภทหนึ่ง', '', 1, '5.00', '5.00', 1),
('2160503492', 4, 3, 'ไก่2', '', 1, '20.00', '20.00', 1),
('2202359568', 3, 2, 'ไก่ประเภทหนึ่ง', '', 1, '5.00', '5.00', 1),
('2202359568', 4, 3, 'ไก่2', '', 1, '20.00', '20.00', 1),
('2202359568', 9, 8, 'หลักพัน', '', 1, '1000.00', '1000.00', 1),
('2245621119', 3, 2, 'ไก่ประเภทหนึ่ง', '', 1, '5.00', '5.00', 1),
('2245621119', 9, 8, 'หลักพัน', '', 1, '1000.00', '1000.00', 1),
('2265589631', 15, 14, 'f', '', 1, '0.60', '0.60', 1),
('2306472337', 8, 7, 'หมูปิ้ง', '', 3, '50.00', '150.00', 1),
('2317780929', 3, 2, 'ไก่ประเภทหนึ่ง', '', 1, '5.00', '5.00', 1),
('2344787208', 3, 2, 'ไก่ประเภทหนึ่ง', '', 1, '5.00', '5.00', 1),
('2367868770', 5, 4, 'ไก่ทุกประเภท', '', 1, '30.00', '30.00', 1),
('2375187324', 4, 3, 'ฟ', '', 1, '20.00', '20.00', 1),
('2424700618', 3, 2, 'ไก่ประเภทหนึ่ง', '', 1, '5.00', '5.00', 1),
('2452582541', 5, 4, 'ไก่ทุกประเภท', '', 1, '30.00', '30.00', 1),
('2461084568', 8, 7, 'หมูปิ้ง', '', 2, '50.00', '100.00', 1),
('2473251644', 4, 3, 'ไก่2', '', 1, '20.00', '20.00', 1),
('2475801650', 9, 8, 'หลักพัน', '', 1, '1000.00', '1000.00', 1),
('2477360509', 3, 2, 'ไก่ประเภทหนึ่ง', '', 1, '5.00', '5.00', 1),
('2477360509', 4, 3, 'ไก่2', '', 1, '20.00', '20.00', 1),
('2477360509', 9, 8, 'หลักพัน', '', 1, '1000.00', '1000.00', 1),
('2495837753', 3, 2, 'ไก่ประเภทหนึ่ง', '', 1, '10.00', '10.00', 1),
('2495837753', 4, 3, 'ไก่2', '', 2, '20.00', '40.00', 1),
('2495837753', 9, 8, 'หลักพัน', '', 1, '1000.00', '1000.00', 1),
('2541533543', 3, 2, 'ไก่ประเภทหนึ่ง', '', 1, '5.00', '5.00', 1),
('2608597922', 9, 8, 'หลักพัน', '', 1, '1000.00', '1000.00', 1),
('2625759556', 3, 2, 'ไก่ประเภทหนึ่ง', '', 2, '5.00', '10.00', 1),
('266239981', 4, 3, 'ไก่2', '', 1, '20.00', '20.00', 1),
('2665174213', 9, 8, 'หลักพัน', '', 1, '1000.00', '1000.00', 1),
('268682936', 11, 10, 'b', '', 1, '120.00', '120.00', 1),
('270064278', 3, 2, 'ไก่ประเภทหนึ่ง', '', 9, '5.00', '45.00', 1),
('2742791362', 3, 2, 'ไก่ประเภทหนึ่ง', '', 4, '5.00', '20.00', 1),
('2742986671', 9, 8, 'หลักพัน', '', 1, '1000.00', '1000.00', 1),
('2786856640', 3, 2, 'ไก่ประเภทหนึ่ง', '', 5, '5.00', '25.00', 1),
('2795839570', 5, 4, 'ไก่ทุกประเภท', '', 1, '30.00', '30.00', 1),
('2817948061', 4, 3, 'ไก่2', '', 1, '20.00', '20.00', 1),
('2824260215', 5, 4, 'ไก่ทุกประเภท', '', 1, '30.00', '30.00', 1),
('2849252404', 9, 8, 'หลักพัน', '', 1, '1000.00', '1000.00', 1),
('2976403997', 3, 2, 'ไก่ประเภทหนึ่ง', '', 1, '5.00', '5.00', 1),
('2987105467', 6, 5, 'หมูทอด', '', 1, '10.00', '10.00', 1),
('3080388050', 7, 6, 'หมูย่าง', '', 1, '20.00', '20.00', 1),
('3121666028', 4, 3, 'ไก่2', '', 1, '20.00', '20.00', 1),
('3121666028', 5, 4, 'ไก่ทุกประเภท', '', 1, '30.00', '30.00', 1),
('3121666028', 9, 8, 'หลักพัน', '', 1, '1000.00', '1000.00', 1),
('313489865', 3, 2, 'ไก่ประเภทหนึ่ง', '', 1, '5.00', '5.00', 1),
('3196451177', 5, 4, 'ไก่ทุกประเภท', '', 1, '30.00', '30.00', 1),
('3199018549', 8, 7, 'หมูปิ้ง', '', 1, '50.00', '50.00', 1),
('3251075082', 3, 2, 'ไก่ประเภทหนึ่ง', '', 1, '5.00', '5.00', 1),
('3271391778', 4, 3, 'ไก่2', '', 1, '20.00', '20.00', 1),
('3275169792', 3, 2, 'ไก่ประเภทหนึ่ง', '', 1, '5.00', '5.00', 1),
('330070814', 8, 7, 'หมูปิ้ง', '', 1, '50.00', '50.00', 1),
('3314758028', 5, 4, 'ไก่จริง', '', 1, '30.00', '30.00', 1),
('3320358994', 13, 12, 'd', '', 1, '40.00', '40.00', 1),
('3336593403', 9, 8, 'หลักพัน', '', 1, '1000.00', '1000.00', 1),
('3344460450', 3, 2, 'ไก่ประเภทหนึ่ง', '', 1, '5.00', '5.00', 1),
('3349961753', 4, 3, 'ฟ', '', 1, '20.00', '20.00', 1),
('3372616468', 5, 4, 'ไก่ทุกประเภท', '', 1, '30.00', '30.00', 1),
('34449033', 3, 2, 'ไก่ประเภทหนึ่ง', '', 4, '5.00', '20.00', 1),
('3495107467', 3, 2, 'ไก่ประเภทหนึ่ง', '', 1, '5.00', '5.00', 1),
('3495107467', 9, 8, 'หลักพัน', '', 1, '1000.00', '1000.00', 1),
('3502996248', 9, 8, 'หลักพัน', '', 1, '1000.00', '1000.00', 1),
('3541390248', 5, 4, 'ไก่ทุกประเภท', '', 1, '30.00', '30.00', 1),
('3542404373', 9, 8, 'หลักพัน', '', 2, '1000.00', '2000.00', 1),
('3656887085', 3, 2, 'ไก่ประเภทหนึ่ง', '', 8, '5.00', '40.00', 1),
('3760208163', 4, 3, 'ไก่2', '', 1, '20.00', '20.00', 1),
('3876041597', 4, 3, 'ไก่2', '', 1, '20.00', '20.00', 1),
('3890892960', 3, 2, 'ไก่ประเภทหนึ่ง', '', 1, '5.00', '5.00', 1),
('4063089353', 3, 2, 'ไก่ประเภทหนึ่ง', '', 1, '5.00', '5.00', 1),
('4063089353', 4, 3, 'ไก่2', '', 1, '20.00', '20.00', 1),
('4063089353', 9, 8, 'หลักพัน', '', 1, '1000.00', '1000.00', 1),
('4087314347', 13, 12, 'd', '', 1, '40.00', '40.00', 1),
('4106342458', 4, 3, 'ไก่2', '', 1, '20.00', '20.00', 1),
('410760802', 5, 4, 'ไก่ทุกประเภท', '', 1, '30.00', '30.00', 1),
('4176478788', 3, 2, 'ไก่ประเภทหนึ่ง', '', 2, '5.00', '10.00', 1),
('4220435120', 9, 8, 'หลักพัน', '', 1, '1000.00', '1000.00', 1),
('4237088887', 3, 2, 'ไก่ประเภทหนึ่ง', '', 1, '5.00', '5.00', 1),
('4237088887', 9, 8, 'หลักพัน', '', 1, '1000.00', '1000.00', 1),
('4250274499', 3, 2, 'ไก่ประเภทหนึ่ง', '', 1, '5.00', '5.00', 1),
('4254546664', 3, 2, 'ไก่ประเภทหนึ่ง', '', 1, '5.00', '5.00', 1),
('4290260909', 16, 15, 'g', '', 1, '0.60', '0.60', 1),
('441613355', 3, 2, 'ไก่ประเภทหนึ่ง', '', 1, '5.00', '5.00', 1),
('449295904', 3, 2, 'ไก่ประเภทหนึ่ง', '', 1, '5.00', '5.00', 1),
('47640230', 7, 6, 'หมูย่าง', '', 1, '20.00', '20.00', 1),
('47640230', 8, 7, 'หมูปิ้ง', '', 1, '50.00', '50.00', 1),
('487933482', 5, 4, 'ไก่ทุกประเภท', '', 1, '30.00', '30.00', 1),
('494933116', 9, 8, 'หลักพัน', '', 1, '1000.00', '1000.00', 1),
('581458884', 3, 2, 'ไก่ประเภทหนึ่ง', '', 1, '5.00', '5.00', 1),
('692985559', 5, 4, 'ไก่ทุกประเภท', '', 1, '30.00', '30.00', 1),
('720063724', 4, 3, 'ไก่2', '', 1, '20.00', '20.00', 1),
('751576516', 3, 2, 'ไก่ประเภทหนึ่ง', '', 1, '5.00', '5.00', 1),
('804034770', 4, 3, 'ไก่2', '', 1, '20.00', '20.00', 1),
('804034770', 9, 8, 'หลักพัน', '', 1, '1000.00', '1000.00', 1),
('827915848', 3, 2, 'ไก่ประเภทหนึ่ง', '', 1, '5.00', '5.00', 1),
('883374489', 5, 4, 'ไก่ทุกประเภท', '', 1, '30.00', '30.00', 1),
('883618643', 5, 4, 'ไก่ทุกประเภท', '', 2, '30.00', '60.00', 1);

-- --------------------------------------------------------

--
-- Table structure for table `order_payment_tb`
--

CREATE TABLE `order_payment_tb` (
  `order_id` varchar(20) COLLATE utf8mb4_unicode_ci NOT NULL,
  `id` int(11) NOT NULL COMMENT 'ใช้ run_item_id ของ orde_tb',
  `payment_method_id` tinyint(4) NOT NULL DEFAULT 1 COMMENT 'ดู table payment_method_tb',
  `amount` decimal(10,2) NOT NULL,
  `credit_name` varchar(255) COLLATE utf8mb4_unicode_ci DEFAULT NULL,
  `credit_no` varchar(255) COLLATE utf8mb4_unicode_ci DEFAULT NULL,
  `credit_exp` varchar(255) COLLATE utf8mb4_unicode_ci DEFAULT NULL
) ENGINE=InnoDB DEFAULT CHARSET=utf8mb4 COLLATE=utf8mb4_unicode_ci;

-- --------------------------------------------------------

--
-- Table structure for table `order_tb`
--

CREATE TABLE `order_tb` (
  `id` varchar(20) COLLATE utf8mb4_unicode_ci NOT NULL COMMENT 'O+y+m+shop run order_id',
  `shop_id` int(10) UNSIGNED NOT NULL,
  `channel_id` tinyint(4) NOT NULL DEFAULT 1 COMMENT '1=online,2=pos',
  `status` tinyint(4) NOT NULL DEFAULT 1 COMMENT '0=ยกเลิก,1= สั่งซื้อ,2=ยืนยัน,3=จัดส่ง,4=ส่งสำเร็จ',
  `shipping_code` varchar(20) COLLATE utf8mb4_unicode_ci DEFAULT NULL,
  `shipping_id` int(11) NOT NULL COMMENT '0=หน้าร้าน/pos, >=1 ดูที่ shipping_method',
  `order_date` datetime NOT NULL,
  `total` decimal(10,2) NOT NULL,
  `total_delivery` decimal(10,2) NOT NULL,
  `seller_user_id` int(11) DEFAULT NULL COMMENT 'id ผุ้ขาย',
  `buyer_user_id` int(11) DEFAULT NULL COMMENT 'ชื่อผู้ซื้อ สามารถว่างได้ กรณีไม่ใช่เมมเบอร์',
  `qty` int(11) NOT NULL DEFAULT 1,
  `payment_type` tinyint(4) NOT NULL DEFAULT 1,
  `created_at` timestamp NULL DEFAULT NULL,
  `updated_at` timestamp NULL DEFAULT NULL,
  `cancel_remark` text COLLATE utf8mb4_unicode_ci DEFAULT NULL,
  `cancel_by` tinyint(4) DEFAULT NULL COMMENT '1=shop,2=customer'
) ENGINE=InnoDB DEFAULT CHARSET=utf8mb4 COLLATE=utf8mb4_unicode_ci;

--
-- Dumping data for table `order_tb`
--

INSERT INTO `order_tb` (`id`, `shop_id`, `channel_id`, `status`, `shipping_code`, `shipping_id`, `order_date`, `total`, `total_delivery`, `seller_user_id`, `buyer_user_id`, `qty`, `payment_type`, `created_at`, `updated_at`, `cancel_remark`, `cancel_by`) VALUES
('1035135407', 1, 1, 6, NULL, 2, '2020-10-28 20:29:48', '1025.00', '30.00', NULL, 1, 1, 2, NULL, NULL, NULL, NULL),
('1081210681', 1, 1, 5, 'ggw', 2, '2020-09-23 19:34:32', '10.00', '20.00', NULL, 1, 1, 2, NULL, NULL, NULL, NULL),
('1122117498', 1, 1, 5, NULL, 1, '2020-10-22 19:54:04', '20.00', '50.00', NULL, 1, 1, 2, NULL, NULL, NULL, NULL),
('1165307627', 2, 1, 5, NULL, 1, '2020-10-28 19:42:31', '100.00', '40.00', NULL, 1, 1, 2, NULL, NULL, NULL, NULL),
('1194489812', 1, 1, 6, NULL, 2, '2020-11-15 15:04:12', '50.00', '20.00', NULL, 1, 1, 2, NULL, NULL, NULL, NULL),
('1241958973', 1, 1, 5, NULL, 2, '2020-10-27 13:05:13', '10.00', '10.00', NULL, 1, 1, 2, NULL, NULL, NULL, NULL),
('1248244866', 1, 1, 5, NULL, 1, '2020-10-28 20:34:08', '20.00', '50.00', NULL, 1, 1, 2, NULL, NULL, NULL, NULL),
('1271600832', 1, 1, 5, NULL, 1, '2020-10-28 20:16:41', '20.00', '50.00', NULL, 1, 1, 2, NULL, NULL, NULL, NULL),
('1283960064', 1, 1, 5, NULL, 2, '2020-10-29 17:12:28', '20.00', '10.00', NULL, 1, 1, 2, NULL, NULL, NULL, NULL),
('1301712225', 1, 1, 5, 'gg', 2, '2020-09-23 19:42:02', '30.00', '10.00', NULL, 1, 1, 2, NULL, NULL, NULL, NULL),
('1341894489', 1, 1, 5, NULL, 2, '2020-10-28 20:16:23', '1000.00', '10.00', NULL, 1, 1, 2, NULL, NULL, NULL, NULL),
('139640126', 1, 1, 6, NULL, 2, '2020-10-28 20:22:51', '1000.00', '10.00', NULL, 1, 1, 2, NULL, NULL, NULL, NULL),
('1440201571', 1, 1, 5, NULL, 2, '2020-10-05 14:22:41', '30.00', '60.00', NULL, 1, 1, 2, NULL, NULL, NULL, NULL),
('1643268278', 1, 1, 5, NULL, 1, '2020-09-23 20:19:25', '0.60', '50.00', NULL, 1, 1, 2, NULL, NULL, NULL, NULL),
('1685031639', 1, 1, 1, NULL, 1, '2020-10-29 18:50:52', '30.00', '50.00', NULL, 1, 1, 2, NULL, NULL, NULL, NULL),
('1712882507', 1, 1, 5, NULL, 2, '2020-10-22 18:48:29', '25.00', '20.00', NULL, 1, 1, 2, NULL, NULL, NULL, NULL),
('1735333723', 1, 1, 5, NULL, 2, '2020-09-23 20:41:05', '1000.00', '10.00', NULL, 1, 1, 2, NULL, NULL, NULL, NULL),
('1746131277', 1, 1, 5, NULL, 1, '2020-10-29 18:34:18', '20.00', '50.00', NULL, 1, 1, 2, NULL, NULL, NULL, NULL),
('1751324206', 2, 1, 5, NULL, 1, '2020-10-22 20:19:43', '50.00', '40.00', NULL, 1, 1, 2, NULL, NULL, NULL, NULL),
('175471772', 1, 1, 5, NULL, 2, '2020-09-23 20:24:42', '0.60', '10.00', NULL, 1, 1, 2, NULL, NULL, NULL, NULL),
('1762650166', 1, 1, 5, NULL, 2, '2020-10-28 20:00:30', '5.00', '10.00', NULL, 1, 1, 2, NULL, NULL, NULL, NULL),
('1819886294', 1, 1, 5, 'ฟหกด', 1, '2020-09-23 20:45:09', '20.00', '50.00', NULL, 1, 1, 2, NULL, NULL, NULL, NULL),
('1826969060', 1, 1, 5, NULL, 1, '2020-09-23 20:42:20', '2000.00', '50.00', NULL, 1, 1, 2, NULL, NULL, NULL, NULL),
('186924340', 1, 1, 5, NULL, 1, '2020-09-23 19:35:19', '3000.00', '50.00', NULL, 1, 1, 2, NULL, NULL, NULL, NULL),
('1889421550', 2, 1, 5, NULL, 1, '2020-09-23 19:50:11', '50.00', '40.00', NULL, 1, 1, 2, NULL, NULL, NULL, NULL),
('1926827395', 1, 1, 5, NULL, 2, '2020-10-29 17:16:48', '40.00', '10.00', NULL, 1, 1, 2, NULL, NULL, NULL, NULL),
('1946506396', 1, 1, 5, NULL, 1, '2020-10-05 14:19:56', '15.00', '50.00', NULL, 1, 1, 2, NULL, NULL, NULL, NULL),
('1976628515', 1, 1, 5, NULL, 2, '2020-10-05 14:23:44', '35.00', '70.00', NULL, 1, 1, 2, NULL, NULL, NULL, NULL),
('2053409470', 1, 1, 5, NULL, 1, '2020-10-28 20:13:53', '1030.00', '50.00', NULL, 1, 1, 2, NULL, NULL, NULL, NULL),
('207829601', 1, 1, 5, NULL, 2, '2020-10-29 14:45:44', '5.00', '10.00', NULL, 1, 1, 2, NULL, NULL, NULL, NULL),
('2101085030', 1, 1, 5, NULL, 1, '2020-09-23 20:40:24', '1000.00', '50.00', NULL, 1, 1, 2, NULL, NULL, NULL, NULL),
('2160503492', 1, 1, 5, NULL, 1, '2020-10-29 16:46:48', '20.00', '50.00', NULL, 1, 1, 2, NULL, NULL, NULL, NULL),
('2202359568', 1, 1, 6, NULL, 2, '2020-10-28 20:29:37', '1025.00', '30.00', NULL, 1, 1, 2, NULL, NULL, NULL, NULL),
('2306472337', 2, 1, 5, NULL, 1, '2020-10-28 19:46:54', '150.00', '40.00', NULL, 1, 1, 2, NULL, NULL, NULL, NULL),
('2317780929', 1, 1, 5, NULL, 2, '2020-10-27 12:42:58', '5.00', '10.00', NULL, NULL, 1, 2, NULL, NULL, NULL, NULL),
('2367868770', 1, 1, 5, NULL, 2, '2020-10-28 20:14:05', '30.00', '10.00', NULL, 1, 1, 2, NULL, NULL, NULL, NULL),
('2424700618', 1, 1, 5, NULL, 1, '2020-10-05 14:19:17', '5.00', '50.00', NULL, 1, 1, 2, NULL, NULL, NULL, NULL),
('2452582541', 1, 1, 5, NULL, 1, '2020-10-29 12:01:53', '30.00', '50.00', NULL, 1, 1, 2, NULL, NULL, NULL, NULL),
('2461084568', 2, 1, 5, NULL, 2, '2020-10-28 19:58:35', '100.00', '20.00', NULL, 1, 1, 2, NULL, NULL, NULL, NULL),
('2473251644', 1, 1, 5, NULL, 1, '2020-10-29 18:38:07', '20.00', '50.00', NULL, 1, 1, 2, NULL, NULL, NULL, NULL),
('2475801650', 1, 1, 5, NULL, 2, '2020-10-27 13:02:03', '1000.00', '10.00', NULL, 1, 1, 2, NULL, NULL, NULL, NULL),
('2477360509', 1, 1, 6, NULL, 2, '2020-10-28 20:25:09', '1025.00', '30.00', NULL, 1, 1, 2, NULL, NULL, NULL, NULL),
('2608597922', 1, 1, 5, NULL, 2, '2020-10-28 20:02:47', '1000.00', '10.00', NULL, 1, 1, 2, NULL, NULL, NULL, NULL),
('266239981', 1, 1, 5, NULL, 1, '2020-10-28 20:23:44', '20.00', '50.00', NULL, 1, 1, 2, NULL, NULL, NULL, NULL),
('2665174213', 1, 1, 5, NULL, 2, '2020-10-28 20:23:30', '1000.00', '10.00', NULL, 1, 1, 2, NULL, NULL, NULL, NULL),
('270064278', 1, 1, 5, NULL, 1, '2020-10-05 14:25:32', '45.00', '50.00', NULL, 1, 1, 2, NULL, NULL, NULL, NULL),
('2742986671', 1, 1, 5, NULL, 1, '2020-10-28 20:22:30', '1000.00', '50.00', NULL, 1, 1, 2, NULL, NULL, NULL, NULL),
('2786856640', 1, 1, 5, NULL, 1, '2020-10-05 14:20:57', '25.00', '50.00', NULL, 1, 1, 2, NULL, NULL, NULL, NULL),
('2795839570', 1, 1, 5, NULL, 2, '2020-10-28 19:59:17', '30.00', '10.00', NULL, 1, 1, 2, NULL, NULL, NULL, NULL),
('2817948061', 1, 1, 5, NULL, 1, '2020-10-28 20:34:25', '20.00', '50.00', NULL, 1, 1, 2, NULL, NULL, NULL, NULL),
('2824260215', 1, 1, 5, 'abc', 2, '2020-10-27 12:38:34', '30.00', '10.00', NULL, NULL, 1, 2, NULL, NULL, NULL, NULL),
('2849252404', 1, 1, 5, NULL, 2, '2020-09-23 20:26:20', '1000.00', '10.00', NULL, 1, 1, 2, NULL, NULL, NULL, NULL),
('2976403997', 1, 1, 6, NULL, 1, '2020-10-28 20:23:57', '5.00', '50.00', NULL, 1, 1, 2, NULL, NULL, NULL, NULL),
('2987105467', 2, 1, 5, NULL, 1, '2020-10-28 19:29:06', '10.00', '40.00', NULL, 1, 1, 2, NULL, NULL, NULL, NULL),
('3080388050', 2, 1, 5, NULL, 1, '2020-10-28 19:29:58', '20.00', '40.00', NULL, 1, 1, 2, NULL, NULL, NULL, NULL),
('3121666028', 1, 1, 5, NULL, 2, '2020-10-28 20:11:46', '1050.00', '30.00', NULL, 1, 1, 2, NULL, NULL, NULL, NULL),
('313489865', 1, 1, 5, NULL, 1, '2020-10-28 20:13:27', '5.00', '50.00', NULL, 1, 1, 2, NULL, NULL, NULL, NULL),
('3196451177', 1, 1, 5, NULL, 2, '2020-10-27 15:05:45', '30.00', '10.00', NULL, 1, 1, 2, NULL, NULL, NULL, NULL),
('3199018549', 2, 1, 5, NULL, 1, '2020-09-23 20:18:06', '50.00', '40.00', NULL, 1, 1, 2, NULL, NULL, NULL, NULL),
('3251075082', 1, 1, 5, NULL, 2, '2020-10-29 16:47:56', '5.00', '10.00', NULL, 1, 1, 2, NULL, NULL, NULL, NULL),
('3271391778', 1, 1, 5, NULL, 1, '2020-09-23 20:44:29', '20.00', '50.00', NULL, 1, 1, 2, NULL, NULL, 'no reason', 1),
('330070814', 2, 1, 5, NULL, 1, '2020-10-28 17:47:09', '50.00', '40.00', NULL, 1, 1, 2, NULL, NULL, NULL, NULL),
('3320358994', 1, 1, 5, NULL, 1, '2020-10-28 20:30:47', '40.00', '50.00', NULL, 1, 1, 2, NULL, NULL, NULL, NULL),
('3336593403', 1, 1, 5, NULL, 2, '2020-09-23 20:32:38', '1000.00', '10.00', NULL, 1, 1, 2, NULL, NULL, NULL, NULL),
('3372616468', 1, 1, 5, NULL, 2, '2020-10-22 19:58:32', '30.00', '10.00', NULL, 1, 1, 2, NULL, NULL, NULL, NULL),
('34449033', 1, 1, 5, NULL, 1, '2020-10-05 14:20:24', '20.00', '50.00', NULL, 1, 1, 2, NULL, NULL, NULL, NULL),
('3495107467', 1, 1, 5, NULL, 1, '2020-10-27 12:31:13', '1005.00', '50.00', NULL, NULL, 1, 2, NULL, NULL, NULL, NULL),
('3502996248', 1, 1, 5, NULL, 1, '2020-09-23 20:34:10', '1000.00', '50.00', NULL, 1, 1, 2, NULL, NULL, NULL, NULL),
('3542404373', 1, 1, 5, NULL, 1, '2020-10-28 20:23:07', '2000.00', '50.00', NULL, 1, 1, 2, NULL, NULL, NULL, NULL),
('3656887085', 1, 1, 5, NULL, 2, '2020-10-05 14:25:12', '40.00', '80.00', NULL, 1, 1, 2, NULL, NULL, NULL, NULL),
('3760208163', 1, 1, 5, NULL, 2, '2020-09-23 20:31:14', '20.00', '10.00', NULL, 1, 1, 2, NULL, NULL, NULL, NULL),
('4063089353', 1, 1, 5, NULL, 1, '2020-10-28 20:25:59', '1025.00', '50.00', NULL, NULL, 1, 2, NULL, NULL, NULL, NULL),
('4087314347', 1, 1, 5, NULL, 2, '2020-09-23 20:33:34', '40.00', '10.00', NULL, 1, 1, 2, NULL, NULL, NULL, NULL),
('410760802', 1, 1, 5, NULL, 2, '2020-09-23 20:30:48', '30.00', '10.00', NULL, 1, 1, 2, NULL, NULL, NULL, NULL),
('4176478788', 1, 1, 5, NULL, 1, '2020-10-05 14:16:07', '10.00', '50.00', NULL, 1, 1, 2, NULL, NULL, NULL, NULL),
('4220435120', 1, 1, 6, NULL, 2, '2020-10-29 17:21:22', '1000.00', '10.00', NULL, 1, 1, 2, NULL, NULL, NULL, NULL),
('4250274499', 1, 1, 5, NULL, 1, '2020-10-28 20:12:49', '5.00', '50.00', NULL, 1, 1, 2, NULL, NULL, NULL, NULL),
('4290260909', 1, 1, 5, NULL, 1, '2020-09-23 20:22:24', '0.60', '50.00', NULL, 1, 1, 2, NULL, NULL, NULL, NULL),
('47640230', 2, 1, 5, NULL, 1, '2020-10-28 19:25:31', '70.00', '40.00', NULL, 1, 1, 2, NULL, NULL, NULL, NULL),
('487933482', 1, 1, 5, NULL, 1, '2020-10-28 21:10:51', '30.00', '50.00', NULL, 2, 1, 2, NULL, NULL, NULL, NULL),
('494933116', 1, 1, 5, NULL, 2, '2020-09-23 19:42:48', '1000.00', '10.00', NULL, 1, 1, 2, NULL, NULL, NULL, NULL),
('581458884', 1, 1, 5, NULL, 2, '2020-10-29 18:34:52', '5.00', '10.00', NULL, 1, 1, 2, NULL, NULL, NULL, NULL),
('692985559', 1, 1, 4, 'ฟหกด', 1, '2020-10-29 18:51:51', '30.00', '50.00', NULL, 1, 1, 3, NULL, NULL, NULL, NULL),
('720063724', 1, 1, 6, NULL, 1, '2020-10-28 20:24:37', '20.00', '50.00', NULL, 1, 1, 2, NULL, NULL, NULL, NULL),
('751576516', 1, 1, 5, NULL, 1, '2020-10-28 20:08:10', '5.00', '50.00', NULL, 1, 1, 2, NULL, NULL, NULL, NULL),
('804034770', 1, 1, 6, NULL, 2, '2020-10-28 20:24:52', '1020.00', '20.00', NULL, 1, 1, 2, NULL, NULL, NULL, NULL),
('827915848', 1, 1, 5, NULL, 2, '2020-10-28 20:06:28', '5.00', '10.00', NULL, 1, 1, 2, NULL, NULL, NULL, NULL),
('883374489', 1, 1, 5, NULL, 2, '2020-10-22 20:19:21', '30.00', '10.00', NULL, 1, 1, 2, NULL, NULL, NULL, NULL);

-- --------------------------------------------------------

--
-- Table structure for table `order_tranfer_tb`
--

CREATE TABLE `order_tranfer_tb` (
  `order_id` varchar(20) COLLATE utf8mb4_unicode_ci NOT NULL,
  `shop_id` int(11) NOT NULL,
  `user_id` int(11) NOT NULL,
  `bank_name` varchar(255) COLLATE utf8mb4_unicode_ci NOT NULL,
  `account_name` varchar(255) COLLATE utf8mb4_unicode_ci NOT NULL,
  `account_no` varchar(255) COLLATE utf8mb4_unicode_ci NOT NULL,
  `payment_date` datetime NOT NULL,
  `price` decimal(10,2) NOT NULL,
  `payment_remark` text COLLATE utf8mb4_unicode_ci DEFAULT NULL,
  `payment_file` text COLLATE utf8mb4_unicode_ci NOT NULL,
  `created_at` timestamp NULL DEFAULT NULL,
  `updated_at` timestamp NULL DEFAULT NULL
) ENGINE=InnoDB DEFAULT CHARSET=utf8mb4 COLLATE=utf8mb4_unicode_ci;

--
-- Dumping data for table `order_tranfer_tb`
--

INSERT INTO `order_tranfer_tb` (`order_id`, `shop_id`, `user_id`, `bank_name`, `account_name`, `account_no`, `payment_date`, `price`, `payment_remark`, `payment_file`, `created_at`, `updated_at`) VALUES
('1035135407', 1, 1, 'ไทยพาณิชย์', 'Metha Su', '0653306767', '2020-10-08 12:00:00', '1055.00', '888', '5f9aa2fcb25ca', '2020-10-29 11:09:48', '2020-10-29 11:09:48'),
('1122117498', 1, 1, 'ไทยพาณิชย์', 'Metha Su', '0653306767', '2020-10-29 12:00:00', '70.00', 'asdf', '5f9aa02e7cc51', '2020-10-29 10:57:50', '2020-10-29 10:57:50'),
('1194489812', 1, 1, 'กสิกรไทย', 'เมธา สุเม', '0501277004', '2020-11-15 16:00:00', '70.00', 'ฟหกดเ้', '5fb0ece2c1016', '2020-11-15 08:54:58', '2020-11-15 08:54:58'),
('1241958973', 1, 1, 'ไทยพาณิชย์', 'Metha Su', '0653306767', '2020-10-29 12:00:00', '20.00', 'asdf', '5f9aa077dcfe8', '2020-10-29 10:59:03', '2020-10-29 10:59:03'),
('1271600832', 1, 1, 'ไทยพาณิชย์', 'Metha Su', '0653306767', '2020-10-29 12:00:00', '70.00', 'asdf', '5f9a9dddc9c29', '2020-10-29 10:47:57', '2020-10-29 10:47:57'),
('1283960064', 1, 1, 'ไทยพาณิชย์', 'Metha Su', '0653306767', '2020-10-16 12:00:00', '30.00', 'asdf', '5f9a9b5be4316', '2020-10-29 10:37:15', '2020-10-29 10:37:15'),
('139640126', 1, 1, 'ไทยพาณิชย์', 'Metha Su', '0653306767', '2020-10-29 12:00:00', '1010.00', 'dd', '5f9aa73bca026', '2020-10-29 11:27:55', '2020-10-29 11:27:55'),
('1440201571', 1, 1, 'ไทยพาณิชย์', 'Metha Su', '0653306767', '2020-09-30 12:00:00', '90.00', '8989', '5f917e5a542d0', '2020-10-22 12:43:06', '2020-10-22 12:43:06'),
('1643268278', 1, 1, 'ไทยพาณิชย์', 'Metha Su', '0653306767', '2020-10-29 12:00:00', '50.60', 'asdf', '5f9aa1db0a929', '2020-10-29 11:04:59', '2020-10-29 11:04:59'),
('1712882507', 1, 1, 'ไทยพาณิชย์', 'Metha Su', '0653306767', '2020-10-01 12:00:00', '45.00', 'asdf', '5f917962c87d0', '2020-10-22 12:21:54', '2020-10-22 12:21:54'),
('1735333723', 1, 1, 'กสิกรไทย', 'เมธา สุเม', '0501277004', '2020-09-24 13:17:00', '1010.00', 'กสิกร', '5f6c3a010318c', '2020-09-24 06:17:37', '2020-09-24 06:17:37'),
('1751324206', 2, 1, 'a', 'b', 'c', '2020-10-29 12:00:00', '90.00', 'fdasdf', '5f9aa14bcd8a7', '2020-10-29 11:02:35', '2020-10-29 11:02:35'),
('175471772', 1, 1, 'ไทยพาณิชย์', 'Metha Su', '0653306767', '2020-10-29 12:00:00', '10.60', 'zxcv', '5f9aa1b2df680', '2020-10-29 11:04:18', '2020-10-29 11:04:18'),
('1819886294', 1, 1, 'ไทยพาณิชย์', 'Metha Su', '0653306767', '2020-09-24 10:00:00', '70.00', '10.06', '5f6c0d5aba69e', '2020-09-24 03:07:06', '2020-09-24 03:07:06'),
('1826969060', 1, 1, 'ไทยพาณิชย์', 'Metha Su', '0653306767', '2020-09-24 12:00:00', '2050.00', 'gg', '5f6c15c88f664', '2020-09-24 03:43:04', '2020-09-24 03:43:04'),
('186924340', 1, 1, 'ไทยพาณิชย์', 'Metha Su', '0653306767', '2020-10-29 12:00:00', '3050.00', 'asdf', '5f9aa21476bd8', '2020-10-29 11:05:56', '2020-10-29 11:05:56'),
('207829601', 1, 1, 'ไทยพาณิชย์', 'Metha Su', '0653306767', '2020-10-29 12:00:00', '15.00', 'asdf', '5f9a73fa93e15', '2020-10-29 07:49:14', '2020-10-29 07:49:14'),
('2101085030', 1, 1, 'ไทยพาณิชย์', 'Metha Su', '0653306767', '2020-09-24 12:00:00', '1050.00', 'sd', '5f6c160d7bce4', '2020-09-24 03:44:13', '2020-09-24 03:44:13'),
('2160503492', 1, 1, 'ไทยพาณิชย์', 'Metha Su', '0653306767', '2020-10-29 12:00:00', '70.00', 'asd', '5f9a9c1165c4c', '2020-10-29 10:40:17', '2020-10-29 10:40:17'),
('2202359568', 1, 1, 'ไทยพาณิชย์', 'Metha Su', '0653306767', '2020-10-29 12:00:00', '1055.00', 'asd', '5f9aa6692af77', '2020-10-29 11:24:25', '2020-10-29 11:24:25'),
('2452582541', 1, 1, 'ไทยพาณิชย์', 'Metha Su', '0653306767', '2020-10-06 12:00:00', '80.00', 'sd', '5f9a9c7446fd1', '2020-10-29 10:41:56', '2020-10-29 10:41:56'),
('2461084568', 2, 1, 'a', 'b', 'c', '2020-10-29 12:00:00', '120.00', 'asdf', '5f9a9fba04135', '2020-10-29 10:55:54', '2020-10-29 10:55:54'),
('2475801650', 1, 1, 'ไทยพาณิชย์', 'Metha Su', '0653306767', '2020-10-29 12:00:00', '1010.00', 'asdf', '5f9aa1001b7b0', '2020-10-29 11:01:20', '2020-10-29 11:01:20'),
('2477360509', 1, 1, 'ไทยพาณิชย์', 'Metha Su', '0653306767', '2020-10-29 12:00:00', '1055.00', 'asdf', '5f9aa6ab48cf4', '2020-10-29 11:25:31', '2020-10-29 11:25:31'),
('270064278', 1, 1, 'กสิกรไทย', 'เมธา สุเม', '0501277004', '2020-10-01 12:00:00', '95.00', 'asdff', '5f917b11e2a4e', '2020-10-22 12:29:05', '2020-10-22 12:29:05'),
('2849252404', 1, 1, 'กสิกรไทย', 'เมธา สุเม', '0501277004', '2020-10-29 12:00:00', '1010.00', 'xx', '5f9aa1911fb25', '2020-10-29 11:03:45', '2020-10-29 11:03:45'),
('2976403997', 1, 1, 'ไทยพาณิชย์', 'Metha Su', '0653306767', '2020-10-29 12:00:00', '55.00', 'ss', '5f9aa72468b7b', '2020-10-29 11:27:32', '2020-10-29 11:27:32'),
('313489865', 1, 1, 'ไทยพาณิชย์', 'Metha Su', '0653306767', '2020-10-07 12:00:00', '55.00', 'asdf', '5f9a9e03cc645', '2020-10-29 10:48:35', '2020-10-29 10:48:35'),
('3196451177', 1, 1, 'ไทยพาณิชย์', 'Metha Su', '0653306767', '2020-10-29 12:00:00', '40.00', 'asdf', '5f9aa05784a1a', '2020-10-29 10:58:31', '2020-10-29 10:58:31'),
('3251075082', 1, 1, 'ไทยพาณิชย์', 'Metha Su', '0653306767', '2020-10-06 12:00:00', '15.00', 'asd', '5f9a9bc74c336', '2020-10-29 10:39:03', '2020-10-29 10:39:03'),
('330070814', 2, 1, 'a', 'b', 'c', '2020-10-29 12:00:00', '90.00', 'asdf', '5f9a9fdd72abc', '2020-10-29 10:56:29', '2020-10-29 10:56:29'),
('3336593403', 1, 1, 'ไทยพาณิชย์', 'Metha Su', '0653306767', '2020-09-24 15:00:00', '1010.00', '10100', '5f6c3b99058f8', '2020-09-24 06:24:25', '2020-09-24 06:24:25'),
('3502996248', 1, 1, 'กสิกรไทย', 'เมธา สุเม', '0501277004', '2020-09-24 05:00:00', '1050.00', 'sd', '5f6c3ac9b84cc', '2020-09-24 06:20:57', '2020-09-24 06:20:57'),
('3760208163', 1, 1, 'ไทยพาณิชย์', 'Metha Su', '0653306767', '2020-09-24 12:00:00', '30.00', 'fg', '5f6c1da51226e', '2020-09-24 04:16:37', '2020-09-24 04:16:37'),
('4087314347', 1, 1, 'ไทยพาณิชย์', 'Metha Su', '0653306767', '2020-09-24 12:00:00', '50.00', 'sd', '5f6c162ac5bfb', '2020-09-24 03:44:42', '2020-09-24 03:44:42'),
('410760802', 1, 1, 'กสิกรไทย', 'เมธา สุเม', '0501277004', '2020-09-24 13:22:00', '40.00', 'sd', '5f6c3a4e312be', '2020-09-24 06:18:54', '2020-09-24 06:18:54'),
('4220435120', 1, 1, 'ไทยพาณิชย์', 'Metha Su', '0653306767', '2020-10-07 12:00:00', '1010.00', 'asdf', '5f9aa2ad36a4e', '2020-10-29 10:35:46', '2020-10-29 11:08:29'),
('4250274499', 1, 1, 'ไทยพาณิชย์', 'Metha Su', '0653306767', '2020-10-29 12:00:00', '55.00', 'asdf', '5f9a9e4ebe70c', '2020-10-29 10:49:50', '2020-10-29 10:49:50'),
('720063724', 1, 1, 'ไทยพาณิชย์', 'Metha Su', '0653306767', '2020-10-29 12:00:00', '70.00', 'as', '5f9aa70ad5eef', '2020-10-29 11:27:06', '2020-10-29 11:27:06'),
('804034770', 1, 1, 'ไทยพาณิชย์', 'Metha Su', '0653306767', '2020-10-29 12:00:00', '1040.00', 'asd', '5f9aa6ce034f7', '2020-10-29 11:26:06', '2020-10-29 11:26:06'),
('883374489', 1, 1, 'กสิกรไทย', 'เมธา สุเม', '0501277004', '2020-10-29 12:00:00', '40.00', 'asdf', '5f9aa007af827', '2020-10-29 10:57:11', '2020-10-29 10:57:11');

-- --------------------------------------------------------

--
-- Table structure for table `password_resets`
--

CREATE TABLE `password_resets` (
  `email` varchar(255) COLLATE utf8mb4_unicode_ci NOT NULL,
  `token` varchar(255) COLLATE utf8mb4_unicode_ci NOT NULL,
  `created_at` timestamp NULL DEFAULT NULL
) ENGINE=InnoDB DEFAULT CHARSET=utf8mb4 COLLATE=utf8mb4_unicode_ci;

-- --------------------------------------------------------

--
-- Table structure for table `payment_method_tb`
--

CREATE TABLE `payment_method_tb` (
  `id` int(10) UNSIGNED NOT NULL,
  `name` varchar(255) COLLATE utf8mb4_unicode_ci NOT NULL
) ENGINE=InnoDB DEFAULT CHARSET=utf8mb4 COLLATE=utf8mb4_unicode_ci;

--
-- Dumping data for table `payment_method_tb`
--

INSERT INTO `payment_method_tb` (`id`, `name`) VALUES
(1, 'เงินสด'),
(2, 'โอนเงิน'),
(3, 'ชำระเงินปลายทาง');

-- --------------------------------------------------------

--
-- Table structure for table `product_photo_tb`
--

CREATE TABLE `product_photo_tb` (
  `product_id` int(11) NOT NULL,
  `name` varchar(255) COLLATE utf8mb4_unicode_ci NOT NULL,
  `shop_id` int(10) UNSIGNED NOT NULL,
  `photo_type` tinyint(4) NOT NULL DEFAULT 1 COMMENT '1=common,2=bank slip',
  `is_default` tinyint(4) NOT NULL DEFAULT 0,
  `position` tinyint(4) NOT NULL,
  `created_at` timestamp NULL DEFAULT NULL,
  `updated_at` timestamp NULL DEFAULT NULL
) ENGINE=InnoDB DEFAULT CHARSET=utf8mb4 COLLATE=utf8mb4_unicode_ci;

--
-- Dumping data for table `product_photo_tb`
--

INSERT INTO `product_photo_tb` (`product_id`, `name`, `shop_id`, `photo_type`, `is_default`, `position`, `created_at`, `updated_at`) VALUES
(2, '98edf3105be4922d7fd20be3d6493a21', 1, 1, 0, 1, '2020-09-08 05:51:09', '2020-10-07 10:33:44'),
(2, 'b0d33559f51b979c9ee173e85e42becb', 1, 1, 0, 4, '2020-09-08 05:27:54', '2020-10-07 10:33:44'),
(2, 'f80d4a44ca70b28c61b36f301280f076', 1, 1, 0, 2, '2020-09-17 04:55:21', '2020-10-07 10:33:44'),
(2, 'n11101601876099864', 1, 1, 0, 3, '2020-10-05 05:45:02', '2020-10-07 10:33:44'),
(3, 'n20101602041757017', 1, 1, 0, 2, '2020-10-07 03:35:57', '2020-10-07 11:08:10'),
(3, 'n3101602066868832', 1, 1, 0, 1, '2020-10-07 10:34:30', '2020-10-07 11:08:10'),
(3, 'n55101602066909266', 1, 1, 0, 3, '2020-10-07 10:35:15', '2020-10-07 11:08:10'),
(4, 'a92012b000b58e3e545301b7411625b4', 1, 1, 0, 1, '2020-07-22 09:39:43', '2020-10-05 08:56:44'),
(4, 'n86101602043052242', 1, 1, 0, 3, '2020-10-07 03:57:34', '2020-10-07 03:57:34'),
(4, 'n89101602043052219', 1, 1, 0, 2, '2020-10-07 03:57:34', '2020-10-07 03:57:34'),
(8, 'n42101602068175679', 1, 1, 0, 1, '2020-10-07 10:56:24', '2020-10-07 10:56:24'),
(8, 'n49101602068175711', 1, 1, 0, 3, '2020-10-07 10:56:24', '2020-10-07 10:56:24'),
(8, 'n81101602068175812', 1, 1, 0, 4, '2020-10-07 10:56:24', '2020-10-07 10:56:24'),
(8, 'n96101602068175685', 1, 1, 0, 2, '2020-10-07 10:56:24', '2020-10-07 10:56:24'),
(9, 'n26101602068228189', 1, 1, 0, 2, '2020-10-07 10:57:20', '2020-10-07 11:08:24'),
(9, 'n72101602068228265', 1, 1, 0, 4, '2020-10-07 10:57:20', '2020-10-07 10:57:20'),
(9, 'n86101602068228165', 1, 1, 0, 3, '2020-10-07 10:57:20', '2020-10-07 11:08:24'),
(9, 'n9101602068228171', 1, 1, 0, 1, '2020-10-07 10:57:20', '2020-10-07 11:08:24');

-- --------------------------------------------------------

--
-- Table structure for table `product_slug_tb`
--

CREATE TABLE `product_slug_tb` (
  `shop_id` int(10) UNSIGNED NOT NULL,
  `product_id` int(10) UNSIGNED NOT NULL,
  `slug` varchar(255) COLLATE utf8mb4_unicode_ci NOT NULL
) ENGINE=InnoDB DEFAULT CHARSET=utf8mb4 COLLATE=utf8mb4_unicode_ci;

--
-- Dumping data for table `product_slug_tb`
--

INSERT INTO `product_slug_tb` (`shop_id`, `product_id`, `slug`) VALUES
(1, 2, 'ไก่'),
(1, 2, 'ไก่ประเภทหนึ่ง'),
(1, 3, 'ฟ'),
(1, 3, 'ไก่2'),
(1, 4, 'ไก่จริง'),
(1, 4, 'ไก่ทุกประเภท'),
(1, 4, 'ไก่ทุกประเภท-aaaa-'),
(2, 5, 'หมูทอด'),
(2, 6, 'หมูย่าง'),
(2, 7, 'หมูปิ้ง'),
(1, 8, 'หลักพัน'),
(1, 9, 'a'),
(1, 10, 'b'),
(1, 11, 'c'),
(1, 12, 'd'),
(1, 13, 'e'),
(1, 14, 'f'),
(1, 15, 'g'),
(1, 18, 'asd'),
(1, 19, 'ggg');

-- --------------------------------------------------------

--
-- Table structure for table `product_tb`
--

CREATE TABLE `product_tb` (
  `id` int(10) UNSIGNED NOT NULL,
  `shop_id` int(10) UNSIGNED NOT NULL,
  `sku` varchar(20) COLLATE utf8mb4_unicode_ci NOT NULL,
  `barcode` varchar(20) COLLATE utf8mb4_unicode_ci NOT NULL,
  `name` varchar(255) COLLATE utf8mb4_unicode_ci NOT NULL,
  `info_short` varchar(255) COLLATE utf8mb4_unicode_ci DEFAULT NULL,
  `info_full` mediumtext COLLATE utf8mb4_unicode_ci DEFAULT NULL,
  `qty` int(11) NOT NULL DEFAULT 1,
  `unit` varchar(100) COLLATE utf8mb4_unicode_ci DEFAULT NULL,
  `cost` decimal(10,2) NOT NULL,
  `price` decimal(10,2) NOT NULL,
  `is_discount` tinyint(4) NOT NULL DEFAULT 0 COMMENT '0= no discount,1=discount amount,2=discount percent',
  `discount_value` decimal(10,2) NOT NULL DEFAULT 0.00,
  `status` tinyint(4) NOT NULL DEFAULT 1 COMMENT '0=not show,1=available,2=show out of stock',
  `is_pos` tinyint(4) NOT NULL DEFAULT 1,
  `is_ecom` tinyint(4) NOT NULL DEFAULT 1,
  `rate` decimal(8,2) NOT NULL DEFAULT 0.00,
  `slug` varchar(255) COLLATE utf8mb4_unicode_ci DEFAULT NULL,
  `default_photo` varchar(255) COLLATE utf8mb4_unicode_ci DEFAULT NULL,
  `created_at` timestamp NULL DEFAULT NULL,
  `updated_at` timestamp NULL DEFAULT NULL,
  `position` mediumint(9) NOT NULL DEFAULT 0
) ENGINE=InnoDB DEFAULT CHARSET=utf8mb4 COLLATE=utf8mb4_unicode_ci;

--
-- Dumping data for table `product_tb`
--

INSERT INTO `product_tb` (`id`, `shop_id`, `sku`, `barcode`, `name`, `info_short`, `info_full`, `qty`, `unit`, `cost`, `price`, `is_discount`, `discount_value`, `status`, `is_pos`, `is_ecom`, `rate`, `slug`, `default_photo`, `created_at`, `updated_at`, `position`) VALUES
(2, 1, '001', '0001', 'ไก่ประเภทหนึ่ง', 'ไก่ไหลย้อย', 'ไก่แสนอร่อยที่เห็นแล้วน้ำไหลไหลย้อย', 1, NULL, '0.00', '5.00', 0, '0.00', 1, 1, 1, '0.00', 'ไก่ประเภทหนึ่ง', 'f80d4a44ca70b28c61b36f301280f076', '2020-07-22 09:14:12', '2020-11-15 08:24:02', 2),
(3, 1, '002', '0002', 'ไก่2', 'ไก่2', 'ไก่2', 1, NULL, '0.00', '20.00', 0, '0.00', 1, 1, 1, '0.00', 'ไก่2', 'n5101601984735003', '2020-07-22 09:38:32', '2020-11-15 08:24:02', 3),
(4, 1, '003', '0003', 'ไก่ทุกประเภท(aaaa)', 'ไก่จริง\r\nzxcvb', 'ไก่จริง', 1, NULL, '0.00', '30.00', 1, '0.00', 1, 1, 1, '0.00', 'ไก่ทุกประเภท-aaaa-', NULL, '2020-07-22 09:39:43', '2021-01-28 13:43:59', 1),
(5, 2, 'ฟ', 'ฟ', 'หมูทอด', 'ฟ', 'ฟ', 1, NULL, '0.00', '10.00', 0, '0.00', 1, 1, 1, '0.00', 'หมูทอด', NULL, '2020-07-24 04:03:03', '2020-09-10 10:40:39', 2),
(6, 2, 's', 's', 'หมูย่าง', 's', 's', 1, NULL, '0.00', '20.00', 0, '0.00', 1, 1, 1, '0.00', 'หมูย่าง', NULL, '2020-07-24 04:03:38', '2020-09-10 10:40:12', 1),
(7, 2, 'd', 'd', 'หมูปิ้ง', 'd', 'd', 1, NULL, '0.00', '100.00', 2, '50.00', 1, 1, 1, '0.00', 'หมูปิ้ง', NULL, '2020-07-24 04:04:10', '2020-09-10 10:40:39', 3),
(8, 1, '004', '0004', 'หลักพัน', 'หลักพัน', 'หลักพัน', 1, NULL, '0.00', '1000.00', 0, '0.00', 1, 1, 1, '0.00', 'หลักพัน', NULL, '2020-08-03 06:26:35', '2021-01-21 11:22:13', 4),
(9, 1, '005', '0005', 'a', NULL, NULL, 1, NULL, '0.00', '10.00', 0, '0.00', 1, 1, 1, '0.00', 'a', NULL, '2020-09-08 05:23:50', '2020-10-07 10:57:20', 5),
(10, 1, 'b', 'b', 'b', NULL, NULL, 1, NULL, '0.00', '120.00', 0, '0.00', 1, 1, 1, '0.00', 'b', NULL, '2020-09-10 03:34:42', '2020-09-10 05:16:23', 6),
(11, 1, 'c', 'c', 'c', NULL, NULL, 1, NULL, '0.00', '30.00', 0, '0.00', 1, 1, 1, '0.00', 'c', NULL, '2020-09-10 05:55:13', '2020-09-10 05:55:13', 7),
(12, 1, 'd', 'd', 'd', NULL, NULL, 1, NULL, '0.00', '40.00', 0, '0.00', 1, 1, 1, '0.00', 'd', NULL, '2020-09-10 05:55:26', '2020-09-10 05:55:26', 8),
(13, 1, 'e', 'e', 'e', NULL, NULL, 1, NULL, '0.00', '5.00', 0, '0.00', 1, 1, 1, '0.00', 'e', NULL, '2020-09-10 05:55:38', '2020-09-10 05:56:23', 9),
(14, 1, 'f', 'f', 'f', NULL, NULL, 1, NULL, '0.00', '0.60', 0, '0.00', 1, 1, 1, '0.00', 'f', NULL, '2020-09-10 05:55:50', '2020-09-10 05:56:23', 10),
(15, 1, 'g', 'g', 'g', NULL, NULL, 1, NULL, '0.00', '0.60', 0, '0.00', 1, 1, 1, '0.00', 'g', NULL, '2020-09-10 05:56:05', '2020-09-10 05:56:18', 11),
(18, 1, 'qqqq', 'qqqqq', 'asd', 'qqq', 'qqqq', 1, NULL, '0.00', '10.00', 0, '0.00', 1, 1, 1, '0.00', 'asd', NULL, '2020-11-15 08:19:34', '2020-11-15 08:19:34', 12),
(19, 1, 'ggg', 'gg', 'ggg', 'ggg', 'ggg', 1, NULL, '0.00', '10.00', 0, '0.00', 1, 1, 1, '0.00', 'ggg', NULL, '2020-11-15 08:20:01', '2020-11-15 08:20:01', 13);

-- --------------------------------------------------------

--
-- Table structure for table `province_tb`
--

CREATE TABLE `province_tb` (
  `id` int(10) UNSIGNED NOT NULL,
  `name` varchar(255) COLLATE utf8mb4_unicode_ci NOT NULL,
  `name_en` varchar(255) COLLATE utf8mb4_unicode_ci NOT NULL
) ENGINE=InnoDB DEFAULT CHARSET=utf8mb4 COLLATE=utf8mb4_unicode_ci;

--
-- Dumping data for table `province_tb`
--

INSERT INTO `province_tb` (`id`, `name`, `name_en`) VALUES
(1, 'กรุงเทพมหานคร', 'Bangkok'),
(2, 'สมุทรปราการ', 'Samut Prakan'),
(3, 'นนทบุรี', 'Nonthaburi'),
(4, 'ปทุมธานี', 'Pathum Thani'),
(5, 'พระนครศรีอยุธยา', 'Phra Nakhon Si Ayutthaya'),
(6, 'อ่างทอง', 'Ang Thong'),
(7, 'ลพบุรี', 'Loburi'),
(8, 'สิงห์บุรี', 'Sing Buri'),
(9, 'ชัยนาท', 'Chai Nat'),
(10, 'สระบุรี', 'Saraburi'),
(11, 'ชลบุรี', 'Chon Buri'),
(12, 'ระยอง', 'Rayong'),
(13, 'จันทบุรี', 'Chanthaburi'),
(14, 'ตราด', 'Trat'),
(15, 'ฉะเชิงเทรา', 'Chachoengsao'),
(16, 'ปราจีนบุรี', 'Prachin Buri'),
(17, 'นครนายก', 'Nakhon Nayok'),
(18, 'สระแก้ว', 'Sa Kaeo'),
(19, 'นครราชสีมา', 'Nakhon Ratchasima'),
(20, 'บุรีรัมย์', 'Buri Ram'),
(21, 'สุรินทร์', 'Surin'),
(22, 'ศรีสะเกษ', 'Si Sa Ket'),
(23, 'อุบลราชธานี', 'Ubon Ratchathani'),
(24, 'ยโสธร', 'Yasothon'),
(25, 'ชัยภูมิ', 'Chaiyaphum'),
(26, 'อำนาจเจริญ', 'Amnat Charoen'),
(27, 'หนองบัวลำภู', 'Nong Bua Lam Phu'),
(28, 'ขอนแก่น', 'Khon Kaen'),
(29, 'อุดรธานี', 'Udon Thani'),
(30, 'เลย', 'Loei'),
(31, 'หนองคาย', 'Nong Khai'),
(32, 'มหาสารคาม', 'Maha Sarakham'),
(33, 'ร้อยเอ็ด', 'Roi Et'),
(34, 'กาฬสินธุ์', 'Kalasin'),
(35, 'สกลนคร', 'Sakon Nakhon'),
(36, 'นครพนม', 'Nakhon Phanom'),
(37, 'มุกดาหาร', 'Mukdahan'),
(38, 'เชียงใหม่', 'Chiang Mai'),
(39, 'ลำพูน', 'Lamphun'),
(40, 'ลำปาง', 'Lampang'),
(41, 'อุตรดิตถ์', 'Uttaradit'),
(42, 'แพร่', 'Phrae'),
(43, 'น่าน', 'Nan'),
(44, 'พะเยา', 'Phayao'),
(45, 'เชียงราย', 'Chiang Rai'),
(46, 'แม่ฮ่องสอน', 'Mae Hong Son'),
(47, 'นครสวรรค์', 'Nakhon Sawan'),
(48, 'อุทัยธานี', 'Uthai Thani'),
(49, 'กำแพงเพชร', 'Kamphaeng Phet'),
(50, 'ตาก', 'Tak'),
(51, 'สุโขทัย', 'Sukhothai'),
(52, 'พิษณุโลก', 'Phitsanulok'),
(53, 'พิจิตร', 'Phichit'),
(54, 'เพชรบูรณ์', 'Phetchabun'),
(55, 'ราชบุรี', 'Ratchaburi'),
(56, 'กาญจนบุรี', 'Kanchanaburi'),
(57, 'สุพรรณบุรี', 'Suphan Buri'),
(58, 'นครปฐม', 'Nakhon Pathom'),
(59, 'สมุทรสาคร', 'Samut Sakhon'),
(60, 'สมุทรสงคราม', 'Samut Songkhram'),
(61, 'เพชรบุรี', 'Phetchaburi'),
(62, 'ประจวบคีรีขันธ์', 'Prachuap Khiri Khan'),
(63, 'นครศรีธรรมราช', 'Nakhon Si Thammarat'),
(64, 'กระบี่', 'Krabi'),
(65, 'พังงา', 'Phangnga'),
(66, 'ภูเก็ต', 'Phuket'),
(67, 'สุราษฎร์ธานี', 'Surat Thani'),
(68, 'ระนอง', 'Ranong'),
(69, 'ชุมพร', 'Chumphon'),
(70, 'สงขลา', 'Songkhla'),
(71, 'สตูล', 'Satun'),
(72, 'ตรัง', 'Trang'),
(73, 'พัทลุง', 'Phatthalung'),
(74, 'ปัตตานี', 'Pattani'),
(75, 'ยะลา', 'Yala'),
(76, 'นราธิวาส', 'Narathiwat'),
(77, 'บึงกาฬ', 'buogkan');

-- --------------------------------------------------------

--
-- Table structure for table `receipt_tb`
--

CREATE TABLE `receipt_tb` (
  `id` varchar(20) COLLATE utf8mb4_unicode_ci NOT NULL COMMENT 'R+y+m+run_receipt_id',
  `shop_id` int(10) UNSIGNED NOT NULL,
  `order_id` varchar(255) COLLATE utf8mb4_unicode_ci NOT NULL,
  `bill_title` varchar(255) COLLATE utf8mb4_unicode_ci NOT NULL,
  `bill_address` varchar(255) COLLATE utf8mb4_unicode_ci NOT NULL,
  `bill_tax` varchar(255) COLLATE utf8mb4_unicode_ci NOT NULL,
  `receipt_type` tinyint(4) NOT NULL DEFAULT 1 COMMENT '1=receipt,2=tax invoice',
  `channel_id` tinyint(4) NOT NULL DEFAULT 1 COMMENT '1=online,2=pos',
  `status` tinyint(4) NOT NULL DEFAULT 1 COMMENT '0=ยกเลิก,1= ชำระแล้ว',
  `shipping_code` varchar(20) COLLATE utf8mb4_unicode_ci DEFAULT NULL,
  `order_date` datetime NOT NULL,
  `paid_date` datetime NOT NULL,
  `total` decimal(10,2) NOT NULL,
  `seller_user_id` int(11) DEFAULT NULL COMMENT 'id ผุ้ขาย',
  `buyer_user_id` int(11) DEFAULT NULL COMMENT 'ชื่อผู้ซื้อ สามารถว่างได้ กรณีไม่ใช่เมมเบอร์',
  `created_at` timestamp NULL DEFAULT NULL,
  `updated_at` timestamp NULL DEFAULT NULL
) ENGINE=InnoDB DEFAULT CHARSET=utf8mb4 COLLATE=utf8mb4_unicode_ci;

-- --------------------------------------------------------

--
-- Table structure for table `ship_method_tb`
--

CREATE TABLE `ship_method_tb` (
  `id` int(10) UNSIGNED NOT NULL,
  `name` varchar(255) COLLATE utf8mb4_unicode_ci NOT NULL
) ENGINE=InnoDB DEFAULT CHARSET=utf8mb4 COLLATE=utf8mb4_unicode_ci;

--
-- Dumping data for table `ship_method_tb`
--

INSERT INTO `ship_method_tb` (`id`, `name`) VALUES
(1, 'Kerry'),
(2, 'ไปรษณีย์');

-- --------------------------------------------------------

--
-- Table structure for table `shop_category_product_tb`
--

CREATE TABLE `shop_category_product_tb` (
  `shop_id` int(11) NOT NULL,
  `category_id` int(11) NOT NULL,
  `product_id` int(11) NOT NULL
) ENGINE=InnoDB DEFAULT CHARSET=utf8mb4 COLLATE=utf8mb4_unicode_ci;

--
-- Dumping data for table `shop_category_product_tb`
--

INSERT INTO `shop_category_product_tb` (`shop_id`, `category_id`, `product_id`) VALUES
(1, 1, 2),
(1, 2, 3),
(1, 2, 4),
(1, 2, 19);

-- --------------------------------------------------------

--
-- Table structure for table `shop_category_tb`
--

CREATE TABLE `shop_category_tb` (
  `id` int(10) UNSIGNED NOT NULL,
  `shop_id` int(11) NOT NULL,
  `user_id` int(11) NOT NULL,
  `name` varchar(255) COLLATE utf8mb4_unicode_ci NOT NULL,
  `parent_id` int(11) DEFAULT NULL,
  `is_active` tinyint(4) NOT NULL DEFAULT 0,
  `slug` varchar(255) COLLATE utf8mb4_unicode_ci NOT NULL,
  `created_at` timestamp NULL DEFAULT NULL,
  `updated_at` timestamp NULL DEFAULT NULL,
  `position` mediumint(9) NOT NULL DEFAULT 0
) ENGINE=InnoDB DEFAULT CHARSET=utf8mb4 COLLATE=utf8mb4_unicode_ci;

--
-- Dumping data for table `shop_category_tb`
--

INSERT INTO `shop_category_tb` (`id`, `shop_id`, `user_id`, `name`, `parent_id`, `is_active`, `slug`, `created_at`, `updated_at`, `position`) VALUES
(1, 1, 1, 'ไก่', NULL, 1, 'ไก่', '2020-07-22 09:14:28', '2020-09-14 04:03:14', 1),
(2, 1, 1, 'ไก่2', NULL, 1, 'ไก่2', '2020-07-22 09:14:40', '2020-09-14 04:03:33', 2),
(3, 2, 1, 'หมูคาบ', NULL, 1, 'หมูคาบ', '2020-09-10 08:53:41', '2020-09-10 10:49:14', 1),
(4, 2, 1, 'หมูค่ะ', NULL, 1, 'หมูค่ะ', '2020-09-10 08:53:51', '2020-09-10 10:49:14', 2),
(5, 2, 1, 'หมูจริง', NULL, 1, 'หมูจริง', '2020-09-10 10:17:47', '2020-09-10 10:48:13', 4),
(13, 2, 1, 'กากหมู', NULL, 0, 'กากหมู', '2020-09-10 10:30:30', '2020-09-10 10:48:13', 3),
(14, 1, 1, 'ไก่3', NULL, 0, 'ไก่3', '2020-09-14 04:03:20', '2020-09-14 04:03:33', 3),
(16, 1, 1, 'bb', NULL, 0, 'bb', '2020-11-09 07:34:43', '2020-11-09 07:34:43', 5),
(28, 3, 1, 'a', NULL, 0, 'a', '2021-01-21 11:10:15', '2021-01-21 11:10:15', 1),
(29, 1, 1, 'ss', NULL, 0, 'ss', '2021-01-21 11:10:47', '2021-01-21 11:10:47', 4);

-- --------------------------------------------------------

--
-- Table structure for table `shop_payment_tb`
--

CREATE TABLE `shop_payment_tb` (
  `shop_id` int(11) NOT NULL,
  `method_id` int(11) NOT NULL,
  `is_checked` tinyint(4) NOT NULL DEFAULT 0,
  `payment_data` text COLLATE utf8mb4_unicode_ci DEFAULT NULL
) ENGINE=InnoDB DEFAULT CHARSET=utf8mb4 COLLATE=utf8mb4_unicode_ci;

--
-- Dumping data for table `shop_payment_tb`
--

INSERT INTO `shop_payment_tb` (`shop_id`, `method_id`, `is_checked`, `payment_data`) VALUES
(1, 2, 1, '\"[{\\\"bank_name\\\":\\\"\\u0e01\\u0e2a\\u0e34\\u0e01\\u0e23\\u0e44\\u0e17\\u0e22\\\",\\\"account_name\\\":\\\"\\u0e40\\u0e21\\u0e18\\u0e32 \\u0e2a\\u0e38\\u0e40\\u0e21\\\",\\\"account_no\\\":\\\"0501277004\\\"},{\\\"bank_name\\\":\\\"\\u0e44\\u0e17\\u0e22\\u0e1e\\u0e32\\u0e13\\u0e34\\u0e0a\\u0e22\\u0e4c\\\",\\\"account_name\\\":\\\"Metha Su\\\",\\\"account_no\\\":\\\"0653306767\\\"}]\"'),
(1, 3, 1, NULL),
(2, 2, 1, '\"[{\\\"bank_name\\\":\\\"a\\\",\\\"account_name\\\":\\\"b\\\",\\\"account_no\\\":\\\"c\\\"}]\"'),
(2, 3, 1, NULL),
(8, 2, 1, '\"[{\\\"bank_name\\\":\\\"\\u0e01\\u0e2a\\u0e34\\u0e01\\u0e23\\u0e44\\u0e17\\u0e22\\\",\\\"account_name\\\":\\\"\\u0e40\\u0e21\\u0e18\\\",\\\"account_no\\\":\\\"0601266994\\\"}]\"'),
(8, 3, 1, NULL);

-- --------------------------------------------------------

--
-- Table structure for table `shop_shipping_tb`
--

CREATE TABLE `shop_shipping_tb` (
  `shop_id` int(11) NOT NULL,
  `shipping_id` int(11) NOT NULL,
  `is_checked` tinyint(4) NOT NULL DEFAULT 0,
  `ship_cost` decimal(10,2) NOT NULL,
  `cal_type` tinyint(4) NOT NULL DEFAULT 1 COMMENT '1=all one price,2=multiple by qty'
) ENGINE=InnoDB DEFAULT CHARSET=utf8mb4 COLLATE=utf8mb4_unicode_ci;

--
-- Dumping data for table `shop_shipping_tb`
--

INSERT INTO `shop_shipping_tb` (`shop_id`, `shipping_id`, `is_checked`, `ship_cost`, `cal_type`) VALUES
(1, 1, 1, '50.00', 1),
(1, 2, 1, '10.00', 2),
(2, 1, 1, '40.00', 1),
(2, 2, 1, '10.00', 2);

-- --------------------------------------------------------

--
-- Table structure for table `shop_tb`
--

CREATE TABLE `shop_tb` (
  `id` int(10) UNSIGNED NOT NULL,
  `user_id` int(11) NOT NULL COMMENT 'owner id',
  `url` varchar(255) COLLATE utf8mb4_unicode_ci NOT NULL,
  `name` varchar(255) COLLATE utf8mb4_unicode_ci NOT NULL,
  `tax_id` varchar(255) COLLATE utf8mb4_unicode_ci DEFAULT NULL,
  `phone` varchar(255) COLLATE utf8mb4_unicode_ci DEFAULT NULL,
  `email` varchar(255) COLLATE utf8mb4_unicode_ci DEFAULT NULL,
  `facebook` varchar(255) COLLATE utf8mb4_unicode_ci DEFAULT NULL,
  `line` varchar(255) COLLATE utf8mb4_unicode_ci DEFAULT NULL,
  `address` varchar(255) COLLATE utf8mb4_unicode_ci DEFAULT NULL,
  `province_id` int(11) NOT NULL,
  `zipcode` varchar(20) COLLATE utf8mb4_unicode_ci DEFAULT NULL,
  `run_sku_id` int(11) NOT NULL DEFAULT 1,
  `run_order_id` int(11) NOT NULL DEFAULT 1,
  `run_receipt_id` int(11) NOT NULL DEFAULT 1,
  `run_taxinvoice_id` int(11) NOT NULL DEFAULT 1 COMMENT 'id ใบกำกับภาษี',
  `receipt_number` int(11) NOT NULL DEFAULT 1 COMMENT 'จำนวนก๊อบปี้',
  `receipt_type` int(11) NOT NULL DEFAULT 1 COMMENT '1=3in no vat,2=3in+vat',
  `receipt_note` varchar(255) COLLATE utf8mb4_unicode_ci NOT NULL DEFAULT '* ขอบคุณ *',
  `is_open` tinyint(4) NOT NULL DEFAULT 1,
  `logo` varchar(255) COLLATE utf8mb4_unicode_ci DEFAULT NULL,
  `banner` varchar(255) COLLATE utf8mb4_unicode_ci DEFAULT NULL,
  `created_at` timestamp NULL DEFAULT NULL,
  `updated_at` timestamp NULL DEFAULT NULL
) ENGINE=InnoDB DEFAULT CHARSET=utf8mb4 COLLATE=utf8mb4_unicode_ci;

--
-- Dumping data for table `shop_tb`
--

INSERT INTO `shop_tb` (`id`, `user_id`, `url`, `name`, `tax_id`, `phone`, `email`, `facebook`, `line`, `address`, `province_id`, `zipcode`, `run_sku_id`, `run_order_id`, `run_receipt_id`, `run_taxinvoice_id`, `receipt_number`, `receipt_type`, `receipt_note`, `is_open`, `logo`, `banner`, `created_at`, `updated_at`) VALUES
(1, 1, 'chickend', 'ไก่อร่อย', NULL, NULL, NULL, 'asdf', NULL, NULL, 1, NULL, 1, 1, 1, 1, 1, 1, '* ขอบคุณ *', 1, NULL, NULL, '2020-07-22 09:07:47', '2020-11-15 07:46:03'),
(2, 1, 'pig', 'หมูต๊อดดด', NULL, NULL, NULL, NULL, NULL, NULL, 1, NULL, 1, 1, 1, 1, 1, 1, '* ขอบคุณ *', 1, NULL, NULL, '2020-07-24 04:02:34', '2020-07-24 04:02:34'),
(3, 1, 'sheep', 'หม่ำแกะ', NULL, NULL, NULL, NULL, NULL, NULL, 1, NULL, 1, 1, 1, 1, 1, 1, '* ขอบคุณ *', 1, NULL, NULL, '2020-09-10 07:24:15', '2020-09-10 07:24:15'),
(8, 2, 'a', 'a', NULL, NULL, NULL, NULL, NULL, NULL, 1, NULL, 1, 1, 1, 1, 1, 1, '* ขอบคุณ *', 1, NULL, NULL, '2020-09-11 05:24:52', '2020-09-11 05:24:52'),
(9, 2, 'b', 'b', NULL, NULL, NULL, NULL, NULL, NULL, 1, NULL, 1, 1, 1, 1, 1, 1, '* ขอบคุณ *', 1, NULL, NULL, '2020-09-11 05:24:59', '2020-09-11 05:24:59'),
(10, 1, 'aa', 'aa', NULL, NULL, NULL, NULL, NULL, NULL, 1, NULL, 1, 1, 1, 1, 1, 1, '* ขอบคุณ *', 1, NULL, NULL, '2020-09-14 03:10:55', '2020-09-14 03:10:55'),
(11, 1, 'bb', 'bb', NULL, NULL, NULL, NULL, NULL, NULL, 1, NULL, 1, 1, 1, 1, 1, 1, '* ขอบคุณ *', 1, NULL, NULL, '2020-09-14 03:11:25', '2020-09-14 03:11:25'),
(12, 1, 'cc', 'cc', NULL, NULL, NULL, NULL, NULL, NULL, 1, NULL, 1, 1, 1, 1, 1, 1, '* ขอบคุณ *', 1, NULL, NULL, '2020-09-14 03:11:31', '2020-09-14 03:11:31'),
(13, 1, 'shops', 'shops', NULL, NULL, NULL, NULL, NULL, NULL, 1, NULL, 1, 1, 1, 1, 1, 1, '* ขอบคุณ *', 1, NULL, NULL, '2020-10-29 10:02:17', '2020-10-29 10:02:17');

-- --------------------------------------------------------

--
-- Table structure for table `user_address_tb`
--

CREATE TABLE `user_address_tb` (
  `id` int(10) UNSIGNED NOT NULL,
  `user_id` int(11) NOT NULL,
  `name_address` varchar(255) COLLATE utf8mb4_unicode_ci NOT NULL,
  `name_contact` varchar(255) COLLATE utf8mb4_unicode_ci NOT NULL,
  `phone` varchar(255) COLLATE utf8mb4_unicode_ci NOT NULL,
  `address` varchar(255) COLLATE utf8mb4_unicode_ci NOT NULL,
  `province_id` int(11) NOT NULL,
  `zipcode` varchar(20) COLLATE utf8mb4_unicode_ci NOT NULL,
  `is_default` tinyint(4) NOT NULL DEFAULT 0,
  `created_at` timestamp NULL DEFAULT NULL,
  `updated_at` timestamp NULL DEFAULT NULL
) ENGINE=InnoDB DEFAULT CHARSET=utf8mb4 COLLATE=utf8mb4_unicode_ci;

--
-- Dumping data for table `user_address_tb`
--

INSERT INTO `user_address_tb` (`id`, `user_id`, `name_address`, `name_contact`, `phone`, `address`, `province_id`, `zipcode`, `is_default`, `created_at`, `updated_at`) VALUES
(1, 1, 'LKS', 'เมธา สุเมธาพัฒนกิจ', '0890430567', 'เลขที่ 27 เขตลาดพร้าว แขวงลาดพร้าว', 2, '10310', 0, '2020-07-22 09:05:32', '2020-10-29 04:59:32'),
(2, 1, 'VKL', 'Metha Sume', '0990432045', 'เลขที่ 52 เขตลาดหน้า แถวลาดหน้า', 1, '10700', 1, '2020-08-03 10:06:21', '2020-10-29 04:59:32');

-- --------------------------------------------------------

--
-- Table structure for table `user_tb`
--

CREATE TABLE `user_tb` (
  `id` int(10) UNSIGNED NOT NULL,
  `name` varchar(255) COLLATE utf8mb4_unicode_ci NOT NULL,
  `email` varchar(255) COLLATE utf8mb4_unicode_ci NOT NULL,
  `password` varchar(255) COLLATE utf8mb4_unicode_ci NOT NULL,
  `id_card` varchar(255) COLLATE utf8mb4_unicode_ci DEFAULT NULL,
  `phone` varchar(255) COLLATE utf8mb4_unicode_ci DEFAULT NULL,
  `line` varchar(255) COLLATE utf8mb4_unicode_ci DEFAULT NULL,
  `facebook` varchar(255) COLLATE utf8mb4_unicode_ci DEFAULT NULL,
  `user_type` tinyint(4) NOT NULL DEFAULT 1 COMMENT '1= user,9= admin',
  `profile_img` varchar(255) COLLATE utf8mb4_unicode_ci DEFAULT NULL,
  `is_active` tinyint(4) NOT NULL DEFAULT 1,
  `is_verify_email` tinyint(4) NOT NULL DEFAULT 0,
  `email_verify_code` varchar(200) COLLATE utf8mb4_unicode_ci DEFAULT NULL,
  `facebook_id` varchar(50) COLLATE utf8mb4_unicode_ci DEFAULT NULL,
  `remember_token` varchar(100) COLLATE utf8mb4_unicode_ci DEFAULT NULL,
  `created_at` timestamp NULL DEFAULT NULL,
  `updated_at` timestamp NULL DEFAULT NULL
) ENGINE=InnoDB DEFAULT CHARSET=utf8mb4 COLLATE=utf8mb4_unicode_ci;

--
-- Dumping data for table `user_tb`
--

INSERT INTO `user_tb` (`id`, `name`, `email`, `password`, `id_card`, `phone`, `line`, `facebook`, `user_type`, `profile_img`, `is_active`, `is_verify_email`, `email_verify_code`, `facebook_id`, `remember_token`, `created_at`, `updated_at`) VALUES
(1, 'ผู้ดูแลระบบ', 'admin@admin.com', '$2y$10$I1.RQh6tdPoFTf4wbVRNu.TKp/XpezAIHP3YaVMeu5zOeBLs7BIiW', NULL, NULL, NULL, NULL, 9, NULL, 1, 0, 'bfd14d1805b89c8dd98419ee6e5aa86c', NULL, 'fPViGlzhF3vUfggjWohNQ4toT6plUCpqAuPCZAdXKghwFnp7ENkADTWgKfBk', '2020-07-22 07:38:40', '2020-07-22 09:05:17'),
(2, 'm s', 'botlaster@gmail.com', '$2y$10$fi6i0z.QKcbXGr/LZfVav.T/ZMEolPotEQ8TOh6pTZAPKkh.AkpC2', NULL, NULL, NULL, NULL, 1, NULL, 1, 1, 'c75209d87ccdb78ba68d0c4448834fde', NULL, 'oDzyw0v1dzXmo9bZKTDVZ55Nui73T0I0VQBeTqeTqa3iuTW1xJIvioIKqDtX', '2020-09-11 05:06:19', '2020-10-19 08:35:15');

--
-- Indexes for dumped tables
--

--
-- Indexes for table `api_product_name_tb`
--
ALTER TABLE `api_product_name_tb`
  ADD PRIMARY KEY (`id`);

--
-- Indexes for table `api_product_price_tb`
--
ALTER TABLE `api_product_price_tb`
  ADD PRIMARY KEY (`id`);

--
-- Indexes for table `category_tb`
--
ALTER TABLE `category_tb`
  ADD PRIMARY KEY (`id`);

--
-- Indexes for table `migrations`
--
ALTER TABLE `migrations`
  ADD PRIMARY KEY (`id`);

--
-- Indexes for table `notification_tb`
--
ALTER TABLE `notification_tb`
  ADD PRIMARY KEY (`id`);

--
-- Indexes for table `order_delivery_tb`
--
ALTER TABLE `order_delivery_tb`
  ADD PRIMARY KEY (`order_id`);

--
-- Indexes for table `order_item_tb`
--
ALTER TABLE `order_item_tb`
  ADD PRIMARY KEY (`order_id`,`id`);

--
-- Indexes for table `order_payment_tb`
--
ALTER TABLE `order_payment_tb`
  ADD PRIMARY KEY (`order_id`,`id`);

--
-- Indexes for table `order_tb`
--
ALTER TABLE `order_tb`
  ADD PRIMARY KEY (`id`,`shop_id`);

--
-- Indexes for table `order_tranfer_tb`
--
ALTER TABLE `order_tranfer_tb`
  ADD PRIMARY KEY (`order_id`);

--
-- Indexes for table `password_resets`
--
ALTER TABLE `password_resets`
  ADD KEY `password_resets_email_index` (`email`);

--
-- Indexes for table `payment_method_tb`
--
ALTER TABLE `payment_method_tb`
  ADD PRIMARY KEY (`id`);

--
-- Indexes for table `product_photo_tb`
--
ALTER TABLE `product_photo_tb`
  ADD PRIMARY KEY (`product_id`,`name`);

--
-- Indexes for table `product_slug_tb`
--
ALTER TABLE `product_slug_tb`
  ADD PRIMARY KEY (`product_id`,`slug`);

--
-- Indexes for table `product_tb`
--
ALTER TABLE `product_tb`
  ADD PRIMARY KEY (`id`);

--
-- Indexes for table `province_tb`
--
ALTER TABLE `province_tb`
  ADD PRIMARY KEY (`id`);

--
-- Indexes for table `receipt_tb`
--
ALTER TABLE `receipt_tb`
  ADD PRIMARY KEY (`id`,`shop_id`);

--
-- Indexes for table `ship_method_tb`
--
ALTER TABLE `ship_method_tb`
  ADD PRIMARY KEY (`id`);

--
-- Indexes for table `shop_category_product_tb`
--
ALTER TABLE `shop_category_product_tb`
  ADD PRIMARY KEY (`category_id`,`product_id`),
  ADD KEY `shop_category_product_tb_category_id_index` (`category_id`);

--
-- Indexes for table `shop_category_tb`
--
ALTER TABLE `shop_category_tb`
  ADD PRIMARY KEY (`id`),
  ADD KEY `shop_category_tb_user_id_index` (`user_id`);

--
-- Indexes for table `shop_payment_tb`
--
ALTER TABLE `shop_payment_tb`
  ADD PRIMARY KEY (`shop_id`,`method_id`);

--
-- Indexes for table `shop_shipping_tb`
--
ALTER TABLE `shop_shipping_tb`
  ADD PRIMARY KEY (`shop_id`,`shipping_id`);

--
-- Indexes for table `shop_tb`
--
ALTER TABLE `shop_tb`
  ADD PRIMARY KEY (`id`),
  ADD UNIQUE KEY `shop_tb_url_unique` (`url`);

--
-- Indexes for table `user_address_tb`
--
ALTER TABLE `user_address_tb`
  ADD PRIMARY KEY (`id`),
  ADD KEY `user_address_tb_user_id_index` (`user_id`);

--
-- Indexes for table `user_tb`
--
ALTER TABLE `user_tb`
  ADD PRIMARY KEY (`id`);

--
-- AUTO_INCREMENT for dumped tables
--

--
-- AUTO_INCREMENT for table `api_product_name_tb`
--
ALTER TABLE `api_product_name_tb`
  MODIFY `id` int(10) UNSIGNED NOT NULL AUTO_INCREMENT, AUTO_INCREMENT=4;

--
-- AUTO_INCREMENT for table `api_product_price_tb`
--
ALTER TABLE `api_product_price_tb`
  MODIFY `id` int(10) UNSIGNED NOT NULL AUTO_INCREMENT, AUTO_INCREMENT=4;

--
-- AUTO_INCREMENT for table `category_tb`
--
ALTER TABLE `category_tb`
  MODIFY `id` int(10) UNSIGNED NOT NULL AUTO_INCREMENT, AUTO_INCREMENT=2;

--
-- AUTO_INCREMENT for table `migrations`
--
ALTER TABLE `migrations`
  MODIFY `id` int(10) UNSIGNED NOT NULL AUTO_INCREMENT, AUTO_INCREMENT=25;

--
-- AUTO_INCREMENT for table `notification_tb`
--
ALTER TABLE `notification_tb`
  MODIFY `id` int(10) UNSIGNED NOT NULL AUTO_INCREMENT, AUTO_INCREMENT=97;

--
-- AUTO_INCREMENT for table `payment_method_tb`
--
ALTER TABLE `payment_method_tb`
  MODIFY `id` int(10) UNSIGNED NOT NULL AUTO_INCREMENT, AUTO_INCREMENT=6;

--
-- AUTO_INCREMENT for table `product_tb`
--
ALTER TABLE `product_tb`
  MODIFY `id` int(10) UNSIGNED NOT NULL AUTO_INCREMENT, AUTO_INCREMENT=20;

--
-- AUTO_INCREMENT for table `province_tb`
--
ALTER TABLE `province_tb`
  MODIFY `id` int(10) UNSIGNED NOT NULL AUTO_INCREMENT, AUTO_INCREMENT=78;

--
-- AUTO_INCREMENT for table `ship_method_tb`
--
ALTER TABLE `ship_method_tb`
  MODIFY `id` int(10) UNSIGNED NOT NULL AUTO_INCREMENT, AUTO_INCREMENT=3;

--
-- AUTO_INCREMENT for table `shop_category_tb`
--
ALTER TABLE `shop_category_tb`
  MODIFY `id` int(10) UNSIGNED NOT NULL AUTO_INCREMENT, AUTO_INCREMENT=32;

--
-- AUTO_INCREMENT for table `shop_tb`
--
ALTER TABLE `shop_tb`
  MODIFY `id` int(10) UNSIGNED NOT NULL AUTO_INCREMENT, AUTO_INCREMENT=14;

--
-- AUTO_INCREMENT for table `user_address_tb`
--
ALTER TABLE `user_address_tb`
  MODIFY `id` int(10) UNSIGNED NOT NULL AUTO_INCREMENT, AUTO_INCREMENT=3;

--
-- AUTO_INCREMENT for table `user_tb`
--
ALTER TABLE `user_tb`
  MODIFY `id` int(10) UNSIGNED NOT NULL AUTO_INCREMENT, AUTO_INCREMENT=3;
COMMIT;

/*!40101 SET CHARACTER_SET_CLIENT=@OLD_CHARACTER_SET_CLIENT */;
/*!40101 SET CHARACTER_SET_RESULTS=@OLD_CHARACTER_SET_RESULTS */;
/*!40101 SET COLLATION_CONNECTION=@OLD_COLLATION_CONNECTION */;
